session,block,n_pairs,valence,pair,cblock,appearance,trial,feedback_common,stimulus_A,stimulus_B,optimal_A,optimal_right,stimulus_right,stimulus_left,cpair,high_magnitude,low_magnitude,better_feedback,worse_feedback,feedback_right,feedback_left
1,1,1,1,1,1,1,1,true,wineglass1.png,radio2.png,false,false,wineglass1.png,radio2.png,1,1.0,0.5,1.0,0.5,0.5,1.0
1,1,1,1,1,1,2,2,true,wineglass1.png,radio2.png,false,true,radio2.png,wineglass1.png,1,1.0,0.01,1.0,0.01,1.0,0.01
1,1,1,1,1,1,3,3,true,wineglass1.png,radio2.png,false,false,wineglass1.png,radio2.png,1,1.0,0.5,1.0,0.5,0.5,1.0
1,1,1,1,1,1,4,4,true,wineglass1.png,radio2.png,false,false,wineglass1.png,radio2.png,1,1.0,0.5,1.0,0.5,0.5,1.0
1,1,1,1,1,1,5,5,true,wineglass1.png,radio2.png,false,false,wineglass1.png,radio2.png,1,1.0,0.01,1.0,0.01,0.01,1.0
1,1,1,1,1,1,6,6,true,wineglass1.png,radio2.png,false,true,radio2.png,wineglass1.png,1,1.0,0.01,1.0,0.01,1.0,0.01
1,1,1,1,1,1,7,7,true,wineglass1.png,radio2.png,false,true,radio2.png,wineglass1.png,1,1.0,0.01,1.0,0.01,1.0,0.01
1,1,1,1,1,1,8,8,true,wineglass1.png,radio2.png,false,false,wineglass1.png,radio2.png,1,1.0,0.01,1.0,0.01,0.01,1.0
1,1,1,1,1,1,9,9,true,wineglass1.png,radio2.png,false,true,radio2.png,wineglass1.png,1,1.0,0.5,1.0,0.5,1.0,0.5
1,1,1,1,1,1,10,10,true,wineglass1.png,radio2.png,false,true,radio2.png,wineglass1.png,1,1.0,0.5,1.0,0.5,1.0,0.5
1,2,2,1,1,2,1,1,true,chessboard1.png,wineglass2.png,false,true,wineglass2.png,chessboard1.png,2,0.5,0.01,0.5,0.01,0.5,0.01
1,2,2,1,1,2,2,2,true,chessboard1.png,wineglass2.png,false,true,wineglass2.png,chessboard1.png,2,0.5,0.01,0.5,0.01,0.5,0.01
1,2,2,1,1,2,3,3,true,chessboard1.png,wineglass2.png,false,true,wineglass2.png,chessboard1.png,2,0.5,0.01,0.5,0.01,0.5,0.01
1,2,2,1,2,2,1,4,true,bed1.png,abacus2.png,false,false,bed1.png,abacus2.png,3,1.0,0.01,1.0,0.01,0.01,1.0
1,2,2,1,1,2,4,5,true,chessboard1.png,wineglass2.png,false,true,wineglass2.png,chessboard1.png,2,1.0,0.01,1.0,0.01,1.0,0.01
1,2,2,1,2,2,2,6,true,bed1.png,abacus2.png,false,true,abacus2.png,bed1.png,3,1.0,0.5,1.0,0.5,1.0,0.5
1,2,2,1,2,2,3,7,true,bed1.png,abacus2.png,false,false,bed1.png,abacus2.png,3,1.0,0.5,1.0,0.5,0.5,1.0
1,2,2,1,2,2,4,8,true,bed1.png,abacus2.png,false,false,bed1.png,abacus2.png,3,1.0,0.5,1.0,0.5,0.5,1.0
1,2,2,1,1,2,5,9,true,chessboard1.png,wineglass2.png,false,false,chessboard1.png,wineglass2.png,2,1.0,0.01,1.0,0.01,0.01,1.0
1,2,2,1,2,2,5,10,false,bed1.png,abacus2.png,false,true,abacus2.png,bed1.png,3,1.0,0.01,1.0,0.01,0.01,1.0
1,2,2,1,2,2,6,11,true,bed1.png,abacus2.png,false,true,abacus2.png,bed1.png,3,1.0,0.5,1.0,0.5,1.0,0.5
1,2,2,1,2,2,7,12,true,bed1.png,abacus2.png,false,false,bed1.png,abacus2.png,3,1.0,0.5,1.0,0.5,0.5,1.0
1,2,2,1,1,2,6,13,true,chessboard1.png,wineglass2.png,false,false,chessboard1.png,wineglass2.png,2,1.0,0.01,1.0,0.01,0.01,1.0
1,2,2,1,2,2,8,14,true,bed1.png,abacus2.png,false,false,bed1.png,abacus2.png,3,1.0,0.01,1.0,0.01,0.01,1.0
1,2,2,1,2,2,9,15,true,bed1.png,abacus2.png,false,false,bed1.png,abacus2.png,3,1.0,0.01,1.0,0.01,0.01,1.0
1,2,2,1,1,2,7,16,false,chessboard1.png,wineglass2.png,false,true,wineglass2.png,chessboard1.png,2,1.0,0.01,1.0,0.01,0.01,1.0
1,2,2,1,2,2,10,17,true,bed1.png,abacus2.png,false,false,bed1.png,abacus2.png,3,1.0,0.01,1.0,0.01,0.01,1.0
1,2,2,1,1,2,8,18,true,chessboard1.png,wineglass2.png,false,false,chessboard1.png,wineglass2.png,2,0.5,0.01,0.5,0.01,0.01,0.5
1,2,2,1,1,2,9,19,true,chessboard1.png,wineglass2.png,false,true,wineglass2.png,chessboard1.png,2,0.5,0.01,0.5,0.01,0.5,0.01
1,2,2,1,1,2,10,20,true,chessboard1.png,wineglass2.png,false,true,wineglass2.png,chessboard1.png,2,1.0,0.01,1.0,0.01,1.0,0.01
1,3,3,1,1,3,1,1,true,kayak1.png,chessboard2.png,false,true,chessboard2.png,kayak1.png,4,1.0,0.01,1.0,0.01,1.0,0.01
1,3,3,1,2,3,1,2,true,crib1.png,bed2.png,false,true,bed2.png,crib1.png,5,1.0,0.5,1.0,0.5,1.0,0.5
1,3,3,1,1,3,2,3,false,kayak1.png,chessboard2.png,false,true,chessboard2.png,kayak1.png,4,1.0,0.5,1.0,0.5,0.5,1.0
1,3,3,1,2,3,2,4,true,crib1.png,bed2.png,false,true,bed2.png,crib1.png,5,1.0,0.01,1.0,0.01,1.0,0.01
1,3,3,1,3,3,1,5,true,toyrabbit1.png,cookpot2.png,false,false,toyrabbit1.png,cookpot2.png,6,1.0,0.01,1.0,0.01,0.01,1.0
1,3,3,1,2,3,3,6,true,crib1.png,bed2.png,false,true,bed2.png,crib1.png,5,1.0,0.01,1.0,0.01,1.0,0.01
1,3,3,1,3,3,2,7,true,toyrabbit1.png,cookpot2.png,false,true,cookpot2.png,toyrabbit1.png,6,1.0,0.01,1.0,0.01,1.0,0.01
1,3,3,1,1,3,3,8,true,kayak1.png,chessboard2.png,false,false,kayak1.png,chessboard2.png,4,1.0,0.5,1.0,0.5,0.5,1.0
1,3,3,1,2,3,4,9,false,crib1.png,bed2.png,false,false,crib1.png,bed2.png,5,1.0,0.5,1.0,0.5,1.0,0.5
1,3,3,1,3,3,3,10,false,toyrabbit1.png,cookpot2.png,false,true,cookpot2.png,toyrabbit1.png,6,1.0,0.5,1.0,0.5,0.5,1.0
1,3,3,1,3,3,4,11,true,toyrabbit1.png,cookpot2.png,false,true,cookpot2.png,toyrabbit1.png,6,1.0,0.01,1.0,0.01,1.0,0.01
1,3,3,1,1,3,4,12,true,kayak1.png,chessboard2.png,false,false,kayak1.png,chessboard2.png,4,1.0,0.5,1.0,0.5,0.5,1.0
1,3,3,1,3,3,5,13,true,toyrabbit1.png,cookpot2.png,false,false,toyrabbit1.png,cookpot2.png,6,1.0,0.01,1.0,0.01,0.01,1.0
1,3,3,1,3,3,6,14,true,toyrabbit1.png,cookpot2.png,false,true,cookpot2.png,toyrabbit1.png,6,1.0,0.5,1.0,0.5,1.0,0.5
1,3,3,1,1,3,5,15,true,kayak1.png,chessboard2.png,false,true,chessboard2.png,kayak1.png,4,1.0,0.01,1.0,0.01,1.0,0.01
1,3,3,1,3,3,7,16,true,toyrabbit1.png,cookpot2.png,false,true,cookpot2.png,toyrabbit1.png,6,1.0,0.01,1.0,0.01,1.0,0.01
1,3,3,1,1,3,6,17,true,kayak1.png,chessboard2.png,false,false,kayak1.png,chessboard2.png,4,1.0,0.01,1.0,0.01,0.01,1.0
1,3,3,1,1,3,7,18,true,kayak1.png,chessboard2.png,false,false,kayak1.png,chessboard2.png,4,1.0,0.01,1.0,0.01,0.01,1.0
1,3,3,1,3,3,8,19,false,toyrabbit1.png,cookpot2.png,false,false,toyrabbit1.png,cookpot2.png,6,1.0,0.5,1.0,0.5,1.0,0.5
1,3,3,1,3,3,9,20,true,toyrabbit1.png,cookpot2.png,false,false,toyrabbit1.png,cookpot2.png,6,1.0,0.5,1.0,0.5,0.5,1.0
1,3,3,1,3,3,10,21,true,toyrabbit1.png,cookpot2.png,false,false,toyrabbit1.png,cookpot2.png,6,1.0,0.5,1.0,0.5,0.5,1.0
1,3,3,1,2,3,5,22,false,crib1.png,bed2.png,false,true,bed2.png,crib1.png,5,1.0,0.5,1.0,0.5,0.5,1.0
1,3,3,1,2,3,6,23,true,crib1.png,bed2.png,false,false,crib1.png,bed2.png,5,1.0,0.01,1.0,0.01,0.01,1.0
1,3,3,1,1,3,8,24,true,kayak1.png,chessboard2.png,false,false,kayak1.png,chessboard2.png,4,1.0,0.5,1.0,0.5,0.5,1.0
1,3,3,1,1,3,9,25,true,kayak1.png,chessboard2.png,false,false,kayak1.png,chessboard2.png,4,1.0,0.01,1.0,0.01,0.01,1.0
1,3,3,1,2,3,7,26,true,crib1.png,bed2.png,false,false,crib1.png,bed2.png,5,1.0,0.01,1.0,0.01,0.01,1.0
1,3,3,1,2,3,8,27,true,crib1.png,bed2.png,false,true,bed2.png,crib1.png,5,1.0,0.01,1.0,0.01,1.0,0.01
1,3,3,1,2,3,9,28,true,crib1.png,bed2.png,false,true,bed2.png,crib1.png,5,1.0,0.5,1.0,0.5,1.0,0.5
1,3,3,1,2,3,10,29,true,crib1.png,bed2.png,false,true,bed2.png,crib1.png,5,1.0,0.5,1.0,0.5,1.0,0.5
1,3,3,1,1,3,10,30,false,kayak1.png,chessboard2.png,false,false,kayak1.png,chessboard2.png,4,1.0,0.5,1.0,0.5,1.0,0.5
1,4,2,1,1,4,1,1,true,lawnmower1.png,crib2.png,true,false,crib2.png,lawnmower1.png,7,0.5,0.01,0.5,0.01,0.01,0.5
1,4,2,1,1,4,2,2,true,lawnmower1.png,crib2.png,true,true,lawnmower1.png,crib2.png,7,1.0,0.01,1.0,0.01,1.0,0.01
1,4,2,1,1,4,3,3,true,lawnmower1.png,crib2.png,true,true,lawnmower1.png,crib2.png,7,1.0,0.01,1.0,0.01,1.0,0.01
1,4,2,1,2,4,1,4,false,ceilingfan1.png,toyrabbit2.png,true,false,toyrabbit2.png,ceilingfan1.png,8,1.0,0.01,1.0,0.01,1.0,0.01
1,4,2,1,1,4,4,5,true,lawnmower1.png,crib2.png,true,true,lawnmower1.png,crib2.png,7,1.0,0.01,1.0,0.01,1.0,0.01
1,4,2,1,1,4,5,6,true,lawnmower1.png,crib2.png,true,true,lawnmower1.png,crib2.png,7,0.5,0.01,0.5,0.01,0.5,0.01
1,4,2,1,2,4,2,7,true,ceilingfan1.png,toyrabbit2.png,true,false,toyrabbit2.png,ceilingfan1.png,8,1.0,0.01,1.0,0.01,0.01,1.0
1,4,2,1,1,4,6,8,true,lawnmower1.png,crib2.png,true,true,lawnmower1.png,crib2.png,7,1.0,0.01,1.0,0.01,1.0,0.01
1,4,2,1,1,4,7,9,true,lawnmower1.png,crib2.png,true,false,crib2.png,lawnmower1.png,7,1.0,0.01,1.0,0.01,0.01,1.0
1,4,2,1,2,4,3,10,true,ceilingfan1.png,toyrabbit2.png,true,true,ceilingfan1.png,toyrabbit2.png,8,0.5,0.01,0.5,0.01,0.5,0.01
1,4,2,1,1,4,8,11,true,lawnmower1.png,crib2.png,true,true,lawnmower1.png,crib2.png,7,0.5,0.01,0.5,0.01,0.5,0.01
1,4,2,1,2,4,4,12,true,ceilingfan1.png,toyrabbit2.png,true,false,toyrabbit2.png,ceilingfan1.png,8,0.5,0.01,0.5,0.01,0.01,0.5
1,4,2,1,2,4,5,13,true,ceilingfan1.png,toyrabbit2.png,true,false,toyrabbit2.png,ceilingfan1.png,8,1.0,0.01,1.0,0.01,0.01,1.0
1,4,2,1,2,4,6,14,false,ceilingfan1.png,toyrabbit2.png,true,true,ceilingfan1.png,toyrabbit2.png,8,0.5,0.01,0.5,0.01,0.01,0.5
1,4,2,1,2,4,7,15,true,ceilingfan1.png,toyrabbit2.png,true,true,ceilingfan1.png,toyrabbit2.png,8,0.5,0.01,0.5,0.01,0.5,0.01
1,4,2,1,2,4,8,16,true,ceilingfan1.png,toyrabbit2.png,true,false,toyrabbit2.png,ceilingfan1.png,8,0.5,0.01,0.5,0.01,0.01,0.5
1,4,2,1,1,4,9,17,false,lawnmower1.png,crib2.png,true,false,crib2.png,lawnmower1.png,7,0.5,0.01,0.5,0.01,0.5,0.01
1,4,2,1,1,4,10,18,false,lawnmower1.png,crib2.png,true,false,crib2.png,lawnmower1.png,7,0.5,0.01,0.5,0.01,0.5,0.01
1,4,2,1,2,4,9,19,true,ceilingfan1.png,toyrabbit2.png,true,false,toyrabbit2.png,ceilingfan1.png,8,1.0,0.01,1.0,0.01,0.01,1.0
1,4,2,1,2,4,10,20,true,ceilingfan1.png,toyrabbit2.png,true,true,ceilingfan1.png,toyrabbit2.png,8,1.0,0.01,1.0,0.01,1.0,0.01
1,5,3,1,2,5,1,1,true,umbrella1.png,ceilingfan2.png,true,false,ceilingfan2.png,umbrella1.png,9,1.0,0.5,1.0,0.5,0.5,1.0
1,5,3,1,3,5,1,2,true,coffeemug1.png,bowtie2.png,true,true,coffeemug1.png,bowtie2.png,10,1.0,0.5,1.0,0.5,1.0,0.5
1,5,3,1,1,5,1,3,true,recorder1.png,lawnmower2.png,true,true,recorder1.png,lawnmower2.png,11,1.0,0.01,1.0,0.01,1.0,0.01
1,5,3,1,1,5,2,4,true,recorder1.png,lawnmower2.png,true,false,lawnmower2.png,recorder1.png,11,1.0,0.01,1.0,0.01,0.01,1.0
1,5,3,1,2,5,2,5,true,umbrella1.png,ceilingfan2.png,true,false,ceilingfan2.png,umbrella1.png,9,1.0,0.01,1.0,0.01,0.01,1.0
1,5,3,1,2,5,3,6,true,umbrella1.png,ceilingfan2.png,true,true,umbrella1.png,ceilingfan2.png,9,1.0,0.01,1.0,0.01,1.0,0.01
1,5,3,1,2,5,4,7,true,umbrella1.png,ceilingfan2.png,true,false,ceilingfan2.png,umbrella1.png,9,1.0,0.01,1.0,0.01,0.01,1.0
1,5,3,1,1,5,3,8,false,recorder1.png,lawnmower2.png,true,true,recorder1.png,lawnmower2.png,11,1.0,0.5,1.0,0.5,0.5,1.0
1,5,3,1,1,5,4,9,true,recorder1.png,lawnmower2.png,true,true,recorder1.png,lawnmower2.png,11,1.0,0.01,1.0,0.01,1.0,0.01
1,5,3,1,3,5,2,10,true,coffeemug1.png,bowtie2.png,true,true,coffeemug1.png,bowtie2.png,10,1.0,0.01,1.0,0.01,1.0,0.01
1,5,3,1,2,5,5,11,true,umbrella1.png,ceilingfan2.png,true,false,ceilingfan2.png,umbrella1.png,9,1.0,0.5,1.0,0.5,0.5,1.0
1,5,3,1,3,5,3,12,true,coffeemug1.png,bowtie2.png,true,true,coffeemug1.png,bowtie2.png,10,1.0,0.01,1.0,0.01,1.0,0.01
1,5,3,1,3,5,4,13,true,coffeemug1.png,bowtie2.png,true,false,bowtie2.png,coffeemug1.png,10,1.0,0.5,1.0,0.5,0.5,1.0
1,5,3,1,2,5,6,14,false,umbrella1.png,ceilingfan2.png,true,true,umbrella1.png,ceilingfan2.png,9,1.0,0.01,1.0,0.01,0.01,1.0
1,5,3,1,2,5,7,15,true,umbrella1.png,ceilingfan2.png,true,true,umbrella1.png,ceilingfan2.png,9,1.0,0.5,1.0,0.5,1.0,0.5
1,5,3,1,1,5,5,16,true,recorder1.png,lawnmower2.png,true,true,recorder1.png,lawnmower2.png,11,1.0,0.01,1.0,0.01,1.0,0.01
1,5,3,1,3,5,5,17,false,coffeemug1.png,bowtie2.png,true,true,coffeemug1.png,bowtie2.png,10,1.0,0.5,1.0,0.5,0.5,1.0
1,5,3,1,1,5,6,18,false,recorder1.png,lawnmower2.png,true,false,lawnmower2.png,recorder1.png,11,1.0,0.5,1.0,0.5,1.0,0.5
1,5,3,1,3,5,6,19,true,coffeemug1.png,bowtie2.png,true,false,bowtie2.png,coffeemug1.png,10,1.0,0.01,1.0,0.01,0.01,1.0
1,5,3,1,3,5,7,20,true,coffeemug1.png,bowtie2.png,true,true,coffeemug1.png,bowtie2.png,10,1.0,0.5,1.0,0.5,1.0,0.5
1,5,3,1,1,5,7,21,true,recorder1.png,lawnmower2.png,true,false,lawnmower2.png,recorder1.png,11,1.0,0.5,1.0,0.5,0.5,1.0
1,5,3,1,1,5,8,22,true,recorder1.png,lawnmower2.png,true,false,lawnmower2.png,recorder1.png,11,1.0,0.01,1.0,0.01,0.01,1.0
1,5,3,1,3,5,8,23,true,coffeemug1.png,bowtie2.png,true,false,bowtie2.png,coffeemug1.png,10,1.0,0.01,1.0,0.01,0.01,1.0
1,5,3,1,2,5,8,24,false,umbrella1.png,ceilingfan2.png,true,true,umbrella1.png,ceilingfan2.png,9,1.0,0.5,1.0,0.5,0.5,1.0
1,5,3,1,2,5,9,25,true,umbrella1.png,ceilingfan2.png,true,true,umbrella1.png,ceilingfan2.png,9,1.0,0.01,1.0,0.01,1.0,0.01
1,5,3,1,3,5,9,26,false,coffeemug1.png,bowtie2.png,true,true,coffeemug1.png,bowtie2.png,10,1.0,0.01,1.0,0.01,0.01,1.0
1,5,3,1,2,5,10,27,false,umbrella1.png,ceilingfan2.png,true,false,ceilingfan2.png,umbrella1.png,9,1.0,0.5,1.0,0.5,1.0,0.5
1,5,3,1,1,5,9,28,true,recorder1.png,lawnmower2.png,true,false,lawnmower2.png,recorder1.png,11,1.0,0.5,1.0,0.5,0.5,1.0
1,5,3,1,3,5,10,29,false,coffeemug1.png,bowtie2.png,true,false,bowtie2.png,coffeemug1.png,10,1.0,0.5,1.0,0.5,1.0,0.5
1,5,3,1,1,5,10,30,false,recorder1.png,lawnmower2.png,true,false,lawnmower2.png,recorder1.png,11,1.0,0.5,1.0,0.5,1.0,0.5
1,6,3,-1,3,6,1,1,true,balloon1.png,coffeemug2.png,false,false,balloon1.png,coffeemug2.png,12,0.5,0.01,-0.01,-0.5,-0.5,-0.01
1,6,3,-1,2,6,1,2,true,headphones1.png,umbrella2.png,false,true,umbrella2.png,headphones1.png,13,1.0,0.5,-0.5,-1.0,-0.5,-1.0
1,6,3,-1,2,6,2,3,false,headphones1.png,umbrella2.png,false,true,umbrella2.png,headphones1.png,13,1.0,0.01,-0.01,-1.0,-1.0,-0.01
1,6,3,-1,2,6,3,4,true,headphones1.png,umbrella2.png,false,false,headphones1.png,umbrella2.png,13,1.0,0.5,-0.5,-1.0,-1.0,-0.5
1,6,3,-1,1,6,1,5,true,bell1.png,recorder2.png,true,false,recorder2.png,bell1.png,14,1.0,0.5,-0.5,-1.0,-1.0,-0.5
1,6,3,-1,3,6,2,6,true,balloon1.png,coffeemug2.png,false,true,coffeemug2.png,balloon1.png,12,1.0,0.01,-0.01,-1.0,-0.01,-1.0
1,6,3,-1,2,6,4,7,false,headphones1.png,umbrella2.png,false,true,umbrella2.png,headphones1.png,13,1.0,0.01,-0.01,-1.0,-1.0,-0.01
1,6,3,-1,3,6,3,8,true,balloon1.png,coffeemug2.png,false,false,balloon1.png,coffeemug2.png,12,1.0,0.01,-0.01,-1.0,-1.0,-0.01
1,6,3,-1,1,6,2,9,false,bell1.png,recorder2.png,true,false,recorder2.png,bell1.png,14,1.0,0.01,-0.01,-1.0,-0.01,-1.0
1,6,3,-1,2,6,5,10,false,headphones1.png,umbrella2.png,false,false,headphones1.png,umbrella2.png,13,1.0,0.01,-0.01,-1.0,-0.01,-1.0
1,6,3,-1,1,6,3,11,true,bell1.png,recorder2.png,true,false,recorder2.png,bell1.png,14,1.0,0.01,-0.01,-1.0,-1.0,-0.01
1,6,3,-1,3,6,4,12,false,balloon1.png,coffeemug2.png,false,true,coffeemug2.png,balloon1.png,12,0.5,0.01,-0.01,-0.5,-0.5,-0.01
1,6,3,-1,1,6,4,13,true,bell1.png,recorder2.png,true,true,bell1.png,recorder2.png,14,1.0,0.5,-0.5,-1.0,-0.5,-1.0
1,6,3,-1,3,6,5,14,true,balloon1.png,coffeemug2.png,false,true,coffeemug2.png,balloon1.png,12,0.5,0.01,-0.01,-0.5,-0.01,-0.5
1,6,3,-1,1,6,5,15,false,bell1.png,recorder2.png,true,false,recorder2.png,bell1.png,14,1.0,0.01,-0.01,-1.0,-0.01,-1.0
1,6,3,-1,1,6,6,16,true,bell1.png,recorder2.png,true,false,recorder2.png,bell1.png,14,1.0,0.01,-0.01,-1.0,-1.0,-0.01
1,6,3,-1,1,6,7,17,true,bell1.png,recorder2.png,true,true,bell1.png,recorder2.png,14,1.0,0.5,-0.5,-1.0,-0.5,-1.0
1,6,3,-1,3,6,6,18,false,balloon1.png,coffeemug2.png,false,false,balloon1.png,coffeemug2.png,12,1.0,0.01,-0.01,-1.0,-0.01,-1.0
1,6,3,-1,2,6,6,19,true,headphones1.png,umbrella2.png,false,true,umbrella2.png,headphones1.png,13,1.0,0.01,-0.01,-1.0,-0.01,-1.0
1,6,3,-1,2,6,7,20,true,headphones1.png,umbrella2.png,false,false,headphones1.png,umbrella2.png,13,1.0,0.5,-0.5,-1.0,-1.0,-0.5
1,6,3,-1,2,6,8,21,true,headphones1.png,umbrella2.png,false,true,umbrella2.png,headphones1.png,13,1.0,0.5,-0.5,-1.0,-0.5,-1.0
1,6,3,-1,2,6,9,22,true,headphones1.png,umbrella2.png,false,true,umbrella2.png,headphones1.png,13,1.0,0.5,-0.5,-1.0,-0.5,-1.0
1,6,3,-1,3,6,7,23,true,balloon1.png,coffeemug2.png,false,true,coffeemug2.png,balloon1.png,12,0.5,0.01,-0.01,-0.5,-0.01,-0.5
1,6,3,-1,3,6,8,24,true,balloon1.png,coffeemug2.png,false,true,coffeemug2.png,balloon1.png,12,1.0,0.01,-0.01,-1.0,-0.01,-1.0
1,6,3,-1,1,6,8,25,true,bell1.png,recorder2.png,true,false,recorder2.png,bell1.png,14,1.0,0.01,-0.01,-1.0,-1.0,-0.01
1,6,3,-1,3,6,9,26,false,balloon1.png,coffeemug2.png,false,true,coffeemug2.png,balloon1.png,12,1.0,0.01,-0.01,-1.0,-1.0,-0.01
1,6,3,-1,2,6,10,27,true,headphones1.png,umbrella2.png,false,false,headphones1.png,umbrella2.png,13,1.0,0.01,-0.01,-1.0,-1.0,-0.01
1,6,3,-1,1,6,9,28,true,bell1.png,recorder2.png,true,false,recorder2.png,bell1.png,14,1.0,0.5,-0.5,-1.0,-1.0,-0.5
1,6,3,-1,3,6,10,29,true,balloon1.png,coffeemug2.png,false,true,coffeemug2.png,balloon1.png,12,0.5,0.01,-0.01,-0.5,-0.01,-0.5
1,6,3,-1,1,6,10,30,false,bell1.png,recorder2.png,true,false,recorder2.png,bell1.png,14,1.0,0.5,-0.5,-1.0,-0.5,-1.0
1,7,1,-1,1,7,1,1,true,keyboard1.png,balloon2.png,false,true,balloon2.png,keyboard1.png,15,1.0,0.01,-0.01,-1.0,-0.01,-1.0
1,7,1,-1,1,7,2,2,true,keyboard1.png,balloon2.png,false,false,keyboard1.png,balloon2.png,15,1.0,0.01,-0.01,-1.0,-1.0,-0.01
1,7,1,-1,1,7,3,3,false,keyboard1.png,balloon2.png,false,false,keyboard1.png,balloon2.png,15,1.0,0.01,-0.01,-1.0,-0.01,-1.0
1,7,1,-1,1,7,4,4,true,keyboard1.png,balloon2.png,false,true,balloon2.png,keyboard1.png,15,1.0,0.01,-0.01,-1.0,-0.01,-1.0
1,7,1,-1,1,7,5,5,true,keyboard1.png,balloon2.png,false,true,balloon2.png,keyboard1.png,15,1.0,0.01,-0.01,-1.0,-0.01,-1.0
1,7,1,-1,1,7,6,6,true,keyboard1.png,balloon2.png,false,true,balloon2.png,keyboard1.png,15,0.5,0.01,-0.01,-0.5,-0.01,-0.5
1,7,1,-1,1,7,7,7,true,keyboard1.png,balloon2.png,false,true,balloon2.png,keyboard1.png,15,0.5,0.01,-0.01,-0.5,-0.01,-0.5
1,7,1,-1,1,7,8,8,false,keyboard1.png,balloon2.png,false,false,keyboard1.png,balloon2.png,15,0.5,0.01,-0.01,-0.5,-0.01,-0.5
1,7,1,-1,1,7,9,9,true,keyboard1.png,balloon2.png,false,false,keyboard1.png,balloon2.png,15,0.5,0.01,-0.01,-0.5,-0.5,-0.01
1,7,1,-1,1,7,10,10,false,keyboard1.png,balloon2.png,false,false,keyboard1.png,balloon2.png,15,0.5,0.01,-0.01,-0.5,-0.01,-0.5
1,8,1,-1,1,8,1,1,false,socks1.png,keyboard2.png,true,true,socks1.png,keyboard2.png,16,1.0,0.5,-0.5,-1.0,-1.0,-0.5
1,8,1,-1,1,8,2,2,true,socks1.png,keyboard2.png,true,true,socks1.png,keyboard2.png,16,1.0,0.5,-0.5,-1.0,-0.5,-1.0
1,8,1,-1,1,8,3,3,true,socks1.png,keyboard2.png,true,false,keyboard2.png,socks1.png,16,1.0,0.5,-0.5,-1.0,-1.0,-0.5
1,8,1,-1,1,8,4,4,true,socks1.png,keyboard2.png,true,true,socks1.png,keyboard2.png,16,1.0,0.01,-0.01,-1.0,-0.01,-1.0
1,8,1,-1,1,8,5,5,true,socks1.png,keyboard2.png,true,false,keyboard2.png,socks1.png,16,1.0,0.01,-0.01,-1.0,-1.0,-0.01
1,8,1,-1,1,8,6,6,true,socks1.png,keyboard2.png,true,false,keyboard2.png,socks1.png,16,1.0,0.5,-0.5,-1.0,-1.0,-0.5
1,8,1,-1,1,8,7,7,true,socks1.png,keyboard2.png,true,true,socks1.png,keyboard2.png,16,1.0,0.01,-0.01,-1.0,-0.01,-1.0
1,8,1,-1,1,8,8,8,false,socks1.png,keyboard2.png,true,false,keyboard2.png,socks1.png,16,1.0,0.01,-0.01,-1.0,-0.01,-1.0
1,8,1,-1,1,8,9,9,true,socks1.png,keyboard2.png,true,false,keyboard2.png,socks1.png,16,1.0,0.01,-0.01,-1.0,-1.0,-0.01
1,8,1,-1,1,8,10,10,false,socks1.png,keyboard2.png,true,true,socks1.png,keyboard2.png,16,1.0,0.5,-0.5,-1.0,-1.0,-0.5
1,9,1,1,1,9,1,1,true,lamp1.png,socks2.png,false,true,socks2.png,lamp1.png,17,1.0,0.01,1.0,0.01,1.0,0.01
1,9,1,1,1,9,2,2,true,lamp1.png,socks2.png,false,false,lamp1.png,socks2.png,17,1.0,0.01,1.0,0.01,0.01,1.0
1,9,1,1,1,9,3,3,true,lamp1.png,socks2.png,false,true,socks2.png,lamp1.png,17,1.0,0.5,1.0,0.5,1.0,0.5
1,9,1,1,1,9,4,4,true,lamp1.png,socks2.png,false,true,socks2.png,lamp1.png,17,1.0,0.5,1.0,0.5,1.0,0.5
1,9,1,1,1,9,5,5,true,lamp1.png,socks2.png,false,false,lamp1.png,socks2.png,17,1.0,0.5,1.0,0.5,0.5,1.0
1,9,1,1,1,9,6,6,true,lamp1.png,socks2.png,false,false,lamp1.png,socks2.png,17,1.0,0.5,1.0,0.5,0.5,1.0
1,9,1,1,1,9,7,7,false,lamp1.png,socks2.png,false,true,socks2.png,lamp1.png,17,1.0,0.5,1.0,0.5,0.5,1.0
1,9,1,1,1,9,8,8,false,lamp1.png,socks2.png,false,false,lamp1.png,socks2.png,17,1.0,0.01,1.0,0.01,1.0,0.01
1,9,1,1,1,9,9,9,true,lamp1.png,socks2.png,false,true,socks2.png,lamp1.png,17,1.0,0.01,1.0,0.01,1.0,0.01
1,9,1,1,1,9,10,10,false,lamp1.png,socks2.png,false,false,lamp1.png,socks2.png,17,1.0,0.01,1.0,0.01,1.0,0.01
1,10,3,-1,1,10,1,1,false,tongs1.png,lamp2.png,true,true,tongs1.png,lamp2.png,18,1.0,0.01,-0.01,-1.0,-1.0,-0.01
1,10,3,-1,2,10,1,2,false,snowglobe1.png,cookingpan2.png,true,true,snowglobe1.png,cookingpan2.png,19,1.0,0.01,-0.01,-1.0,-1.0,-0.01
1,10,3,-1,3,10,1,3,true,scale1.png,easteregg2.png,false,false,scale1.png,easteregg2.png,20,1.0,0.01,-0.01,-1.0,-1.0,-0.01
1,10,3,-1,2,10,2,4,true,snowglobe1.png,cookingpan2.png,true,false,cookingpan2.png,snowglobe1.png,19,1.0,0.01,-0.01,-1.0,-1.0,-0.01
1,10,3,-1,3,10,2,5,true,scale1.png,easteregg2.png,false,false,scale1.png,easteregg2.png,20,1.0,0.5,-0.5,-1.0,-1.0,-0.5
1,10,3,-1,3,10,3,6,true,scale1.png,easteregg2.png,false,false,scale1.png,easteregg2.png,20,1.0,0.5,-0.5,-1.0,-1.0,-0.5
1,10,3,-1,3,10,4,7,true,scale1.png,easteregg2.png,false,true,easteregg2.png,scale1.png,20,1.0,0.01,-0.01,-1.0,-0.01,-1.0
1,10,3,-1,3,10,5,8,true,scale1.png,easteregg2.png,false,true,easteregg2.png,scale1.png,20,1.0,0.5,-0.5,-1.0,-0.5,-1.0
1,10,3,-1,2,10,3,9,true,snowglobe1.png,cookingpan2.png,true,false,cookingpan2.png,snowglobe1.png,19,1.0,0.5,-0.5,-1.0,-1.0,-0.5
1,10,3,-1,3,10,6,10,false,scale1.png,easteregg2.png,false,true,easteregg2.png,scale1.png,20,1.0,0.5,-0.5,-1.0,-1.0,-0.5
1,10,3,-1,3,10,7,11,false,scale1.png,easteregg2.png,false,true,easteregg2.png,scale1.png,20,1.0,0.01,-0.01,-1.0,-1.0,-0.01
1,10,3,-1,1,10,2,12,true,tongs1.png,lamp2.png,true,true,tongs1.png,lamp2.png,18,0.5,0.01,-0.01,-0.5,-0.01,-0.5
1,10,3,-1,1,10,3,13,true,tongs1.png,lamp2.png,true,false,lamp2.png,tongs1.png,18,0.5,0.01,-0.01,-0.5,-0.5,-0.01
1,10,3,-1,2,10,4,14,true,snowglobe1.png,cookingpan2.png,true,true,snowglobe1.png,cookingpan2.png,19,1.0,0.5,-0.5,-1.0,-0.5,-1.0
1,10,3,-1,2,10,5,15,true,snowglobe1.png,cookingpan2.png,true,true,snowglobe1.png,cookingpan2.png,19,1.0,0.5,-0.5,-1.0,-0.5,-1.0
1,10,3,-1,2,10,6,16,false,snowglobe1.png,cookingpan2.png,true,true,snowglobe1.png,cookingpan2.png,19,1.0,0.01,-0.01,-1.0,-1.0,-0.01
1,10,3,-1,2,10,7,17,false,snowglobe1.png,cookingpan2.png,true,true,snowglobe1.png,cookingpan2.png,19,1.0,0.01,-0.01,-1.0,-1.0,-0.01
1,10,3,-1,1,10,4,18,false,tongs1.png,lamp2.png,true,false,lamp2.png,tongs1.png,18,0.5,0.01,-0.01,-0.5,-0.01,-0.5
1,10,3,-1,1,10,5,19,true,tongs1.png,lamp2.png,true,false,lamp2.png,tongs1.png,18,1.0,0.01,-0.01,-1.0,-1.0,-0.01
1,10,3,-1,2,10,8,20,true,snowglobe1.png,cookingpan2.png,true,true,snowglobe1.png,cookingpan2.png,19,1.0,0.5,-0.5,-1.0,-0.5,-1.0
1,10,3,-1,1,10,6,21,true,tongs1.png,lamp2.png,true,false,lamp2.png,tongs1.png,18,0.5,0.01,-0.01,-0.5,-0.5,-0.01
1,10,3,-1,3,10,8,22,true,scale1.png,easteregg2.png,false,true,easteregg2.png,scale1.png,20,1.0,0.01,-0.01,-1.0,-0.01,-1.0
1,10,3,-1,1,10,7,23,true,tongs1.png,lamp2.png,true,false,lamp2.png,tongs1.png,18,1.0,0.01,-0.01,-1.0,-1.0,-0.01
1,10,3,-1,3,10,9,24,true,scale1.png,easteregg2.png,false,false,scale1.png,easteregg2.png,20,1.0,0.5,-0.5,-1.0,-1.0,-0.5
1,10,3,-1,1,10,8,25,true,tongs1.png,lamp2.png,true,true,tongs1.png,lamp2.png,18,1.0,0.01,-0.01,-1.0,-0.01,-1.0
1,10,3,-1,1,10,9,26,true,tongs1.png,lamp2.png,true,false,lamp2.png,tongs1.png,18,1.0,0.01,-0.01,-1.0,-1.0,-0.01
1,10,3,-1,2,10,9,27,true,snowglobe1.png,cookingpan2.png,true,false,cookingpan2.png,snowglobe1.png,19,1.0,0.01,-0.01,-1.0,-1.0,-0.01
1,10,3,-1,1,10,10,28,false,tongs1.png,lamp2.png,true,false,lamp2.png,tongs1.png,18,0.5,0.01,-0.01,-0.5,-0.01,-0.5
1,10,3,-1,2,10,10,29,true,snowglobe1.png,cookingpan2.png,true,false,cookingpan2.png,snowglobe1.png,19,1.0,0.5,-0.5,-1.0,-1.0,-0.5
1,10,3,-1,3,10,10,30,false,scale1.png,easteregg2.png,false,true,easteregg2.png,scale1.png,20,1.0,0.01,-0.01,-1.0,-1.0,-0.01
1,11,1,-1,1,11,1,1,true,spoon1.png,scale2.png,false,false,spoon1.png,scale2.png,21,1.0,0.01,-0.01,-1.0,-1.0,-0.01
1,11,1,-1,1,11,2,2,false,spoon1.png,scale2.png,false,true,scale2.png,spoon1.png,21,0.5,0.01,-0.01,-0.5,-0.5,-0.01
1,11,1,-1,1,11,3,3,true,spoon1.png,scale2.png,false,true,scale2.png,spoon1.png,21,1.0,0.01,-0.01,-1.0,-0.01,-1.0
1,11,1,-1,1,11,4,4,true,spoon1.png,scale2.png,false,true,scale2.png,spoon1.png,21,1.0,0.01,-0.01,-1.0,-0.01,-1.0
1,11,1,-1,1,11,5,5,true,spoon1.png,scale2.png,false,false,spoon1.png,scale2.png,21,0.5,0.01,-0.01,-0.5,-0.5,-0.01
1,11,1,-1,1,11,6,6,false,spoon1.png,scale2.png,false,false,spoon1.png,scale2.png,21,1.0,0.01,-0.01,-1.0,-0.01,-1.0
1,11,1,-1,1,11,7,7,false,spoon1.png,scale2.png,false,false,spoon1.png,scale2.png,21,0.5,0.01,-0.01,-0.5,-0.01,-0.5
1,11,1,-1,1,11,8,8,true,spoon1.png,scale2.png,false,true,scale2.png,spoon1.png,21,0.5,0.01,-0.01,-0.5,-0.01,-0.5
1,11,1,-1,1,11,9,9,true,spoon1.png,scale2.png,false,false,spoon1.png,scale2.png,21,0.5,0.01,-0.01,-0.5,-0.5,-0.01
1,11,1,-1,1,11,10,10,true,spoon1.png,scale2.png,false,true,scale2.png,spoon1.png,21,1.0,0.01,-0.01,-1.0,-0.01,-1.0
1,12,2,-1,1,12,1,1,true,necktie1.png,spoon2.png,false,false,necktie1.png,spoon2.png,22,1.0,0.01,-0.01,-1.0,-1.0,-0.01
1,12,2,-1,1,12,2,2,true,necktie1.png,spoon2.png,false,true,spoon2.png,necktie1.png,22,1.0,0.01,-0.01,-1.0,-0.01,-1.0
1,12,2,-1,2,12,1,3,false,windchime1.png,cushion2.png,false,true,cushion2.png,windchime1.png,23,1.0,0.01,-0.01,-1.0,-1.0,-0.01
1,12,2,-1,1,12,3,4,true,necktie1.png,spoon2.png,false,true,spoon2.png,necktie1.png,22,0.5,0.01,-0.01,-0.5,-0.01,-0.5
1,12,2,-1,1,12,4,5,false,necktie1.png,spoon2.png,false,true,spoon2.png,necktie1.png,22,1.0,0.01,-0.01,-1.0,-1.0,-0.01
1,12,2,-1,2,12,2,6,true,windchime1.png,cushion2.png,false,true,cushion2.png,windchime1.png,23,1.0,0.01,-0.01,-1.0,-0.01,-1.0
1,12,2,-1,2,12,3,7,true,windchime1.png,cushion2.png,false,false,windchime1.png,cushion2.png,23,0.5,0.01,-0.01,-0.5,-0.5,-0.01
1,12,2,-1,1,12,5,8,true,necktie1.png,spoon2.png,false,true,spoon2.png,necktie1.png,22,0.5,0.01,-0.01,-0.5,-0.01,-0.5
1,12,2,-1,2,12,4,9,true,windchime1.png,cushion2.png,false,true,cushion2.png,windchime1.png,23,1.0,0.01,-0.01,-1.0,-0.01,-1.0
1,12,2,-1,2,12,5,10,true,windchime1.png,cushion2.png,false,false,windchime1.png,cushion2.png,23,0.5,0.01,-0.01,-0.5,-0.5,-0.01
1,12,2,-1,2,12,6,11,false,windchime1.png,cushion2.png,false,false,windchime1.png,cushion2.png,23,1.0,0.01,-0.01,-1.0,-0.01,-1.0
1,12,2,-1,2,12,7,12,true,windchime1.png,cushion2.png,false,false,windchime1.png,cushion2.png,23,0.5,0.01,-0.01,-0.5,-0.5,-0.01
1,12,2,-1,1,12,6,13,true,necktie1.png,spoon2.png,false,true,spoon2.png,necktie1.png,22,1.0,0.01,-0.01,-1.0,-0.01,-1.0
1,12,2,-1,1,12,7,14,false,necktie1.png,spoon2.png,false,true,spoon2.png,necktie1.png,22,0.5,0.01,-0.01,-0.5,-0.5,-0.01
1,12,2,-1,2,12,8,15,true,windchime1.png,cushion2.png,false,false,windchime1.png,cushion2.png,23,0.5,0.01,-0.01,-0.5,-0.5,-0.01
1,12,2,-1,1,12,8,16,false,necktie1.png,spoon2.png,false,false,necktie1.png,spoon2.png,22,0.5,0.01,-0.01,-0.5,-0.01,-0.5
1,12,2,-1,1,12,9,17,true,necktie1.png,spoon2.png,false,false,necktie1.png,spoon2.png,22,0.5,0.01,-0.01,-0.5,-0.5,-0.01
1,12,2,-1,1,12,10,18,true,necktie1.png,spoon2.png,false,false,necktie1.png,spoon2.png,22,1.0,0.01,-0.01,-1.0,-1.0,-0.01
1,12,2,-1,2,12,9,19,true,windchime1.png,cushion2.png,false,true,cushion2.png,windchime1.png,23,1.0,0.01,-0.01,-1.0,-0.01,-1.0
1,12,2,-1,2,12,10,20,false,windchime1.png,cushion2.png,false,false,windchime1.png,cushion2.png,23,0.5,0.01,-0.01,-0.5,-0.01,-0.5
1,13,2,-1,2,13,1,1,true,speakers1.png,windchime2.png,true,true,speakers1.png,windchime2.png,24,1.0,0.5,-0.5,-1.0,-0.5,-1.0
1,13,2,-1,2,13,2,2,false,speakers1.png,windchime2.png,true,true,speakers1.png,windchime2.png,24,1.0,0.01,-0.01,-1.0,-1.0,-0.01
1,13,2,-1,2,13,3,3,true,speakers1.png,windchime2.png,true,true,speakers1.png,windchime2.png,24,1.0,0.5,-0.5,-1.0,-0.5,-1.0
1,13,2,-1,2,13,4,4,true,speakers1.png,windchime2.png,true,false,windchime2.png,speakers1.png,24,1.0,0.01,-0.01,-1.0,-1.0,-0.01
1,13,2,-1,2,13,5,5,false,speakers1.png,windchime2.png,true,false,windchime2.png,speakers1.png,24,1.0,0.01,-0.01,-1.0,-0.01,-1.0
1,13,2,-1,1,13,1,6,false,hourglass1.png,necktie2.png,false,true,necktie2.png,hourglass1.png,25,1.0,0.01,-0.01,-1.0,-1.0,-0.01
1,13,2,-1,1,13,2,7,false,hourglass1.png,necktie2.png,false,false,hourglass1.png,necktie2.png,25,1.0,0.01,-0.01,-1.0,-0.01,-1.0
1,13,2,-1,1,13,3,8,false,hourglass1.png,necktie2.png,false,false,hourglass1.png,necktie2.png,25,0.5,0.01,-0.01,-0.5,-0.01,-0.5
1,13,2,-1,1,13,4,9,true,hourglass1.png,necktie2.png,false,false,hourglass1.png,necktie2.png,25,0.5,0.01,-0.01,-0.5,-0.5,-0.01
1,13,2,-1,2,13,6,10,true,speakers1.png,windchime2.png,true,false,windchime2.png,speakers1.png,24,1.0,0.5,-0.5,-1.0,-1.0,-0.5
1,13,2,-1,2,13,7,11,false,speakers1.png,windchime2.png,true,false,windchime2.png,speakers1.png,24,1.0,0.01,-0.01,-1.0,-0.01,-1.0
1,13,2,-1,2,13,8,12,true,speakers1.png,windchime2.png,true,false,windchime2.png,speakers1.png,24,1.0,0.5,-0.5,-1.0,-1.0,-0.5
1,13,2,-1,1,13,5,13,true,hourglass1.png,necktie2.png,false,true,necktie2.png,hourglass1.png,25,1.0,0.01,-0.01,-1.0,-0.01,-1.0
1,13,2,-1,1,13,6,14,true,hourglass1.png,necktie2.png,false,true,necktie2.png,hourglass1.png,25,0.5,0.01,-0.01,-0.5,-0.01,-0.5
1,13,2,-1,1,13,7,15,true,hourglass1.png,necktie2.png,false,false,hourglass1.png,necktie2.png,25,0.5,0.01,-0.01,-0.5,-0.5,-0.01
1,13,2,-1,1,13,8,16,true,hourglass1.png,necktie2.png,false,false,hourglass1.png,necktie2.png,25,0.5,0.01,-0.01,-0.5,-0.5,-0.01
1,13,2,-1,2,13,9,17,true,speakers1.png,windchime2.png,true,true,speakers1.png,windchime2.png,24,1.0,0.01,-0.01,-1.0,-0.01,-1.0
1,13,2,-1,1,13,9,18,true,hourglass1.png,necktie2.png,false,true,necktie2.png,hourglass1.png,25,1.0,0.01,-0.01,-1.0,-0.01,-1.0
1,13,2,-1,1,13,10,19,true,hourglass1.png,necktie2.png,false,true,necktie2.png,hourglass1.png,25,1.0,0.01,-0.01,-1.0,-0.01,-1.0
1,13,2,-1,2,13,10,20,true,speakers1.png,windchime2.png,true,true,speakers1.png,windchime2.png,24,1.0,0.5,-0.5,-1.0,-0.5,-1.0
1,14,3,-1,3,14,1,1,true,coatrack1.png,cup2.png,true,false,cup2.png,coatrack1.png,26,1.0,0.01,-0.01,-1.0,-1.0,-0.01
1,14,3,-1,3,14,2,2,false,coatrack1.png,cup2.png,true,true,coatrack1.png,cup2.png,26,1.0,0.01,-0.01,-1.0,-1.0,-0.01
1,14,3,-1,3,14,3,3,true,coatrack1.png,cup2.png,true,false,cup2.png,coatrack1.png,26,1.0,0.01,-0.01,-1.0,-1.0,-0.01
1,14,3,-1,2,14,1,4,true,backpack1.png,speakers2.png,true,false,speakers2.png,backpack1.png,27,0.5,0.01,-0.01,-0.5,-0.5,-0.01
1,14,3,-1,2,14,2,5,false,backpack1.png,speakers2.png,true,false,speakers2.png,backpack1.png,27,0.5,0.01,-0.01,-0.5,-0.01,-0.5
1,14,3,-1,1,14,1,6,true,fishhook1.png,hourglass2.png,false,true,hourglass2.png,fishhook1.png,28,0.5,0.01,-0.01,-0.5,-0.01,-0.5
1,14,3,-1,3,14,4,7,true,coatrack1.png,cup2.png,true,true,coatrack1.png,cup2.png,26,1.0,0.01,-0.01,-1.0,-0.01,-1.0
1,14,3,-1,2,14,3,8,true,backpack1.png,speakers2.png,true,true,backpack1.png,speakers2.png,27,1.0,0.01,-0.01,-1.0,-0.01,-1.0
1,14,3,-1,1,14,2,9,false,fishhook1.png,hourglass2.png,false,true,hourglass2.png,fishhook1.png,28,0.5,0.01,-0.01,-0.5,-0.5,-0.01
1,14,3,-1,3,14,5,10,false,coatrack1.png,cup2.png,true,true,coatrack1.png,cup2.png,26,0.5,0.01,-0.01,-0.5,-0.5,-0.01
1,14,3,-1,3,14,6,11,true,coatrack1.png,cup2.png,true,true,coatrack1.png,cup2.png,26,0.5,0.01,-0.01,-0.5,-0.01,-0.5
1,14,3,-1,2,14,4,12,true,backpack1.png,speakers2.png,true,false,speakers2.png,backpack1.png,27,1.0,0.01,-0.01,-1.0,-1.0,-0.01
1,14,3,-1,3,14,7,13,true,coatrack1.png,cup2.png,true,true,coatrack1.png,cup2.png,26,0.5,0.01,-0.01,-0.5,-0.01,-0.5
1,14,3,-1,2,14,5,14,false,backpack1.png,speakers2.png,true,false,speakers2.png,backpack1.png,27,0.5,0.01,-0.01,-0.5,-0.01,-0.5
1,14,3,-1,3,14,8,15,false,coatrack1.png,cup2.png,true,true,coatrack1.png,cup2.png,26,0.5,0.01,-0.01,-0.5,-0.5,-0.01
1,14,3,-1,2,14,6,16,true,backpack1.png,speakers2.png,true,false,speakers2.png,backpack1.png,27,0.5,0.01,-0.01,-0.5,-0.5,-0.01
1,14,3,-1,1,14,3,17,false,fishhook1.png,hourglass2.png,false,true,hourglass2.png,fishhook1.png,28,1.0,0.01,-0.01,-1.0,-1.0,-0.01
1,14,3,-1,2,14,7,18,true,backpack1.png,speakers2.png,true,false,speakers2.png,backpack1.png,27,1.0,0.01,-0.01,-1.0,-1.0,-0.01
1,14,3,-1,2,14,8,19,false,backpack1.png,speakers2.png,true,true,backpack1.png,speakers2.png,27,0.5,0.01,-0.01,-0.5,-0.5,-0.01
1,14,3,-1,1,14,4,20,false,fishhook1.png,hourglass2.png,false,true,hourglass2.png,fishhook1.png,28,0.5,0.01,-0.01,-0.5,-0.5,-0.01
1,14,3,-1,2,14,9,21,true,backpack1.png,speakers2.png,true,false,speakers2.png,backpack1.png,27,1.0,0.01,-0.01,-1.0,-1.0,-0.01
1,14,3,-1,1,14,5,22,true,fishhook1.png,hourglass2.png,false,false,fishhook1.png,hourglass2.png,28,1.0,0.01,-0.01,-1.0,-1.0,-0.01
1,14,3,-1,1,14,6,23,true,fishhook1.png,hourglass2.png,false,false,fishhook1.png,hourglass2.png,28,0.5,0.01,-0.01,-0.5,-0.5,-0.01
1,14,3,-1,3,14,9,24,true,coatrack1.png,cup2.png,true,false,cup2.png,coatrack1.png,26,1.0,0.01,-0.01,-1.0,-1.0,-0.01
1,14,3,-1,3,14,10,25,true,coatrack1.png,cup2.png,true,true,coatrack1.png,cup2.png,26,0.5,0.01,-0.01,-0.5,-0.01,-0.5
1,14,3,-1,1,14,7,26,true,fishhook1.png,hourglass2.png,false,true,hourglass2.png,fishhook1.png,28,0.5,0.01,-0.01,-0.5,-0.01,-0.5
1,14,3,-1,1,14,8,27,true,fishhook1.png,hourglass2.png,false,false,fishhook1.png,hourglass2.png,28,1.0,0.01,-0.01,-1.0,-1.0,-0.01
1,14,3,-1,2,14,10,28,true,backpack1.png,speakers2.png,true,false,speakers2.png,backpack1.png,27,1.0,0.01,-0.01,-1.0,-1.0,-0.01
1,14,3,-1,1,14,9,29,true,fishhook1.png,hourglass2.png,false,false,fishhook1.png,hourglass2.png,28,1.0,0.01,-0.01,-1.0,-1.0,-0.01
1,14,3,-1,1,14,10,30,true,fishhook1.png,hourglass2.png,false,true,hourglass2.png,fishhook1.png,28,1.0,0.01,-0.01,-1.0,-0.01,-1.0
1,15,2,1,2,15,1,1,false,beanbag1.png,coatrack2.png,true,false,coatrack2.png,beanbag1.png,29,1.0,0.5,1.0,0.5,1.0,0.5
1,15,2,1,2,15,2,2,false,beanbag1.png,coatrack2.png,true,false,coatrack2.png,beanbag1.png,29,1.0,0.01,1.0,0.01,1.0,0.01
1,15,2,1,2,15,3,3,false,beanbag1.png,coatrack2.png,true,false,coatrack2.png,beanbag1.png,29,1.0,0.01,1.0,0.01,1.0,0.01
1,15,2,1,2,15,4,4,true,beanbag1.png,coatrack2.png,true,true,beanbag1.png,coatrack2.png,29,1.0,0.01,1.0,0.01,1.0,0.01
1,15,2,1,1,15,1,5,true,basket1.png,backpack2.png,false,true,backpack2.png,basket1.png,30,1.0,0.5,1.0,0.5,1.0,0.5
1,15,2,1,2,15,5,6,true,beanbag1.png,coatrack2.png,true,false,coatrack2.png,beanbag1.png,29,1.0,0.5,1.0,0.5,0.5,1.0
1,15,2,1,2,15,6,7,true,beanbag1.png,coatrack2.png,true,true,beanbag1.png,coatrack2.png,29,1.0,0.5,1.0,0.5,1.0,0.5
1,15,2,1,2,15,7,8,true,beanbag1.png,coatrack2.png,true,false,coatrack2.png,beanbag1.png,29,1.0,0.01,1.0,0.01,0.01,1.0
1,15,2,1,1,15,2,9,true,basket1.png,backpack2.png,false,false,basket1.png,backpack2.png,30,1.0,0.01,1.0,0.01,0.01,1.0
1,15,2,1,2,15,8,10,true,beanbag1.png,coatrack2.png,true,true,beanbag1.png,coatrack2.png,29,1.0,0.01,1.0,0.01,1.0,0.01
1,15,2,1,1,15,3,11,false,basket1.png,backpack2.png,false,true,backpack2.png,basket1.png,30,1.0,0.5,1.0,0.5,0.5,1.0
1,15,2,1,1,15,4,12,true,basket1.png,backpack2.png,false,false,basket1.png,backpack2.png,30,1.0,0.01,1.0,0.01,0.01,1.0
1,15,2,1,1,15,5,13,false,basket1.png,backpack2.png,false,false,basket1.png,backpack2.png,30,1.0,0.5,1.0,0.5,1.0,0.5
1,15,2,1,1,15,6,14,true,basket1.png,backpack2.png,false,true,backpack2.png,basket1.png,30,1.0,0.01,1.0,0.01,1.0,0.01
1,15,2,1,1,15,7,15,true,basket1.png,backpack2.png,false,false,basket1.png,backpack2.png,30,1.0,0.01,1.0,0.01,0.01,1.0
1,15,2,1,1,15,8,16,false,basket1.png,backpack2.png,false,true,backpack2.png,basket1.png,30,1.0,0.5,1.0,0.5,0.5,1.0
1,15,2,1,2,15,9,17,true,beanbag1.png,coatrack2.png,true,true,beanbag1.png,coatrack2.png,29,1.0,0.5,1.0,0.5,1.0,0.5
1,15,2,1,2,15,10,18,true,beanbag1.png,coatrack2.png,true,true,beanbag1.png,coatrack2.png,29,1.0,0.5,1.0,0.5,1.0,0.5
1,15,2,1,1,15,9,19,true,basket1.png,backpack2.png,false,true,backpack2.png,basket1.png,30,1.0,0.5,1.0,0.5,1.0,0.5
1,15,2,1,1,15,10,20,true,basket1.png,backpack2.png,false,false,basket1.png,backpack2.png,30,1.0,0.01,1.0,0.01,0.01,1.0
1,16,2,-1,2,16,1,1,true,calculator1.png,beanbag2.png,true,false,beanbag2.png,calculator1.png,31,1.0,0.01,-0.01,-1.0,-1.0,-0.01
1,16,2,-1,2,16,2,2,true,calculator1.png,beanbag2.png,true,true,calculator1.png,beanbag2.png,31,1.0,0.01,-0.01,-1.0,-0.01,-1.0
1,16,2,-1,2,16,3,3,true,calculator1.png,beanbag2.png,true,true,calculator1.png,beanbag2.png,31,0.5,0.01,-0.01,-0.5,-0.01,-0.5
1,16,2,-1,1,16,1,4,true,stapler1.png,basket2.png,true,false,basket2.png,stapler1.png,32,0.5,0.01,-0.01,-0.5,-0.5,-0.01
1,16,2,-1,2,16,4,5,true,calculator1.png,beanbag2.png,true,true,calculator1.png,beanbag2.png,31,1.0,0.01,-0.01,-1.0,-0.01,-1.0
1,16,2,-1,1,16,2,6,true,stapler1.png,basket2.png,true,false,basket2.png,stapler1.png,32,1.0,0.01,-0.01,-1.0,-1.0,-0.01
1,16,2,-1,1,16,3,7,true,stapler1.png,basket2.png,true,false,basket2.png,stapler1.png,32,1.0,0.01,-0.01,-1.0,-1.0,-0.01
1,16,2,-1,1,16,4,8,false,stapler1.png,basket2.png,true,false,basket2.png,stapler1.png,32,1.0,0.01,-0.01,-1.0,-0.01,-1.0
1,16,2,-1,2,16,5,9,true,calculator1.png,beanbag2.png,true,true,calculator1.png,beanbag2.png,31,0.5,0.01,-0.01,-0.5,-0.01,-0.5
1,16,2,-1,2,16,6,10,true,calculator1.png,beanbag2.png,true,true,calculator1.png,beanbag2.png,31,0.5,0.01,-0.01,-0.5,-0.01,-0.5
1,16,2,-1,2,16,7,11,false,calculator1.png,beanbag2.png,true,true,calculator1.png,beanbag2.png,31,1.0,0.01,-0.01,-1.0,-1.0,-0.01
1,16,2,-1,2,16,8,12,true,calculator1.png,beanbag2.png,true,true,calculator1.png,beanbag2.png,31,1.0,0.01,-0.01,-1.0,-0.01,-1.0
1,16,2,-1,1,16,5,13,true,stapler1.png,basket2.png,true,false,basket2.png,stapler1.png,32,0.5,0.01,-0.01,-0.5,-0.5,-0.01
1,16,2,-1,1,16,6,14,false,stapler1.png,basket2.png,true,true,stapler1.png,basket2.png,32,0.5,0.01,-0.01,-0.5,-0.5,-0.01
1,16,2,-1,1,16,7,15,true,stapler1.png,basket2.png,true,false,basket2.png,stapler1.png,32,0.5,0.01,-0.01,-0.5,-0.5,-0.01
1,16,2,-1,1,16,8,16,true,stapler1.png,basket2.png,true,false,basket2.png,stapler1.png,32,1.0,0.01,-0.01,-1.0,-1.0,-0.01
1,16,2,-1,1,16,9,17,false,stapler1.png,basket2.png,true,false,basket2.png,stapler1.png,32,1.0,0.01,-0.01,-1.0,-0.01,-1.0
1,16,2,-1,2,16,9,18,false,calculator1.png,beanbag2.png,true,false,beanbag2.png,calculator1.png,31,0.5,0.01,-0.01,-0.5,-0.01,-0.5
1,16,2,-1,1,16,10,19,true,stapler1.png,basket2.png,true,true,stapler1.png,basket2.png,32,0.5,0.01,-0.01,-0.5,-0.01,-0.5
1,16,2,-1,2,16,10,20,false,calculator1.png,beanbag2.png,true,true,calculator1.png,beanbag2.png,31,0.5,0.01,-0.01,-0.5,-0.5,-0.01
1,17,1,1,1,17,1,1,true,lantern1.png,calculator2.png,false,false,lantern1.png,calculator2.png,33,1.0,0.01,1.0,0.01,0.01,1.0
1,17,1,1,1,17,2,2,false,lantern1.png,calculator2.png,false,false,lantern1.png,calculator2.png,33,1.0,0.01,1.0,0.01,1.0,0.01
1,17,1,1,1,17,3,3,true,lantern1.png,calculator2.png,false,true,calculator2.png,lantern1.png,33,1.0,0.01,1.0,0.01,1.0,0.01
1,17,1,1,1,17,4,4,true,lantern1.png,calculator2.png,false,false,lantern1.png,calculator2.png,33,1.0,0.01,1.0,0.01,0.01,1.0
1,17,1,1,1,17,5,5,false,lantern1.png,calculator2.png,false,false,lantern1.png,calculator2.png,33,1.0,0.5,1.0,0.5,1.0,0.5
1,17,1,1,1,17,6,6,true,lantern1.png,calculator2.png,false,true,calculator2.png,lantern1.png,33,1.0,0.01,1.0,0.01,1.0,0.01
1,17,1,1,1,17,7,7,true,lantern1.png,calculator2.png,false,false,lantern1.png,calculator2.png,33,1.0,0.5,1.0,0.5,0.5,1.0
1,17,1,1,1,17,8,8,true,lantern1.png,calculator2.png,false,true,calculator2.png,lantern1.png,33,1.0,0.5,1.0,0.5,1.0,0.5
1,17,1,1,1,17,9,9,true,lantern1.png,calculator2.png,false,true,calculator2.png,lantern1.png,33,1.0,0.5,1.0,0.5,1.0,0.5
1,17,1,1,1,17,10,10,false,lantern1.png,calculator2.png,false,true,calculator2.png,lantern1.png,33,1.0,0.5,1.0,0.5,0.5,1.0
1,18,3,1,3,18,1,1,true,rug1.png,chair2.png,true,true,rug1.png,chair2.png,34,0.5,0.01,0.5,0.01,0.5,0.01
1,18,3,1,3,18,2,2,true,rug1.png,chair2.png,true,true,rug1.png,chair2.png,34,1.0,0.01,1.0,0.01,1.0,0.01
1,18,3,1,2,18,1,3,true,frisbee1.png,bearteddy2.png,true,true,frisbee1.png,bearteddy2.png,35,0.5,0.01,0.5,0.01,0.5,0.01
1,18,3,1,3,18,3,4,false,rug1.png,chair2.png,true,false,chair2.png,rug1.png,34,1.0,0.01,1.0,0.01,1.0,0.01
1,18,3,1,1,18,1,5,true,microwave1.png,lantern2.png,true,true,microwave1.png,lantern2.png,36,1.0,0.01,1.0,0.01,1.0,0.01
1,18,3,1,1,18,2,6,true,microwave1.png,lantern2.png,true,false,lantern2.png,microwave1.png,36,1.0,0.01,1.0,0.01,0.01,1.0
1,18,3,1,2,18,2,7,true,frisbee1.png,bearteddy2.png,true,false,bearteddy2.png,frisbee1.png,35,1.0,0.01,1.0,0.01,0.01,1.0
1,18,3,1,1,18,3,8,true,microwave1.png,lantern2.png,true,false,lantern2.png,microwave1.png,36,0.5,0.01,0.5,0.01,0.01,0.5
1,18,3,1,2,18,3,9,false,frisbee1.png,bearteddy2.png,true,true,frisbee1.png,bearteddy2.png,35,0.5,0.01,0.5,0.01,0.01,0.5
1,18,3,1,3,18,4,10,true,rug1.png,chair2.png,true,false,chair2.png,rug1.png,34,0.5,0.01,0.5,0.01,0.01,0.5
1,18,3,1,1,18,4,11,false,microwave1.png,lantern2.png,true,true,microwave1.png,lantern2.png,36,1.0,0.01,1.0,0.01,0.01,1.0
1,18,3,1,2,18,4,12,true,frisbee1.png,bearteddy2.png,true,false,bearteddy2.png,frisbee1.png,35,1.0,0.01,1.0,0.01,0.01,1.0
1,18,3,1,1,18,5,13,false,microwave1.png,lantern2.png,true,true,microwave1.png,lantern2.png,36,0.5,0.01,0.5,0.01,0.01,0.5
1,18,3,1,2,18,5,14,true,frisbee1.png,bearteddy2.png,true,false,bearteddy2.png,frisbee1.png,35,0.5,0.01,0.5,0.01,0.01,0.5
1,18,3,1,1,18,6,15,false,microwave1.png,lantern2.png,true,true,microwave1.png,lantern2.png,36,0.5,0.01,0.5,0.01,0.01,0.5
1,18,3,1,1,18,7,16,true,microwave1.png,lantern2.png,true,true,microwave1.png,lantern2.png,36,0.5,0.01,0.5,0.01,0.5,0.01
1,18,3,1,2,18,6,17,true,frisbee1.png,bearteddy2.png,true,true,frisbee1.png,bearteddy2.png,35,0.5,0.01,0.5,0.01,0.5,0.01
1,18,3,1,3,18,5,18,false,rug1.png,chair2.png,true,true,rug1.png,chair2.png,34,0.5,0.01,0.5,0.01,0.01,0.5
1,18,3,1,3,18,6,19,true,rug1.png,chair2.png,true,false,chair2.png,rug1.png,34,1.0,0.01,1.0,0.01,0.01,1.0
1,18,3,1,2,18,7,20,false,frisbee1.png,bearteddy2.png,true,false,bearteddy2.png,frisbee1.png,35,1.0,0.01,1.0,0.01,1.0,0.01
1,18,3,1,1,18,8,21,true,microwave1.png,lantern2.png,true,false,lantern2.png,microwave1.png,36,0.5,0.01,0.5,0.01,0.01,0.5
1,18,3,1,2,18,8,22,true,frisbee1.png,bearteddy2.png,true,true,frisbee1.png,bearteddy2.png,35,0.5,0.01,0.5,0.01,0.5,0.01
1,18,3,1,1,18,9,23,true,microwave1.png,lantern2.png,true,true,microwave1.png,lantern2.png,36,1.0,0.01,1.0,0.01,1.0,0.01
1,18,3,1,2,18,9,24,true,frisbee1.png,bearteddy2.png,true,false,bearteddy2.png,frisbee1.png,35,1.0,0.01,1.0,0.01,0.01,1.0
1,18,3,1,2,18,10,25,false,frisbee1.png,bearteddy2.png,true,false,bearteddy2.png,frisbee1.png,35,1.0,0.01,1.0,0.01,1.0,0.01
1,18,3,1,3,18,7,26,false,rug1.png,chair2.png,true,false,chair2.png,rug1.png,34,0.5,0.01,0.5,0.01,0.5,0.01
1,18,3,1,3,18,8,27,true,rug1.png,chair2.png,true,true,rug1.png,chair2.png,34,1.0,0.01,1.0,0.01,1.0,0.01
1,18,3,1,3,18,9,28,true,rug1.png,chair2.png,true,true,rug1.png,chair2.png,34,0.5,0.01,0.5,0.01,0.5,0.01
1,18,3,1,3,18,10,29,true,rug1.png,chair2.png,true,false,chair2.png,rug1.png,34,1.0,0.01,1.0,0.01,0.01,1.0
1,18,3,1,1,18,10,30,true,microwave1.png,lantern2.png,true,false,lantern2.png,microwave1.png,36,1.0,0.01,1.0,0.01,0.01,1.0
