session,block,trial,stimulus_group,delay,feedback_optimal,stimulus_left,stimulus_middle,stimulus_right,optimal_action,feedback_left,feedback_middle,feedback_right,feedback_common,valence,appearance,stimulus_group_id,optimal_side,n_stimuli,optimal_right,present_pavlovian,n_groups,early_stop
wk0,1,1,1,1,1.0,hedge_1.jpg,hedge_1.jpg,hedge_1.jpg,1,1.0,0.01,0.01,true,1,1,1,left,1,,false,14,false
wk0,1,2,1,1,0.5,hedge_1.jpg,hedge_1.jpg,hedge_1.jpg,1,0.5,0.01,0.01,true,1,2,1,left,1,,false,14,false
wk0,1,3,1,1,1.0,hedge_1.jpg,hedge_1.jpg,hedge_1.jpg,1,1.0,0.01,0.01,true,1,3,1,left,1,,false,14,false
wk0,1,4,1,1,1.0,hedge_1.jpg,hedge_1.jpg,hedge_1.jpg,1,1.0,0.01,0.01,true,1,4,1,left,1,,false,14,false
wk0,1,5,2,0,1.0,bracket_1.jpg,bracket_1.jpg,bracket_1.jpg,3,0.01,0.01,1.0,true,1,1,2,right,1,,false,14,false
wk0,1,6,3,0,0.5,subway_1.jpg,subway_1.jpg,subway_1.jpg,2,0.01,0.5,0.01,true,1,1,3,middle,1,,false,14,false
wk0,1,7,3,1,1.0,subway_1.jpg,subway_1.jpg,subway_1.jpg,2,0.01,1.0,0.01,true,1,2,3,middle,1,,false,14,false
wk0,1,8,4,0,1.0,bun_1.jpg,bun_1.jpg,bun_1.jpg,2,0.01,1.0,0.01,true,1,1,4,middle,1,,false,14,false
wk0,1,9,2,4,1.0,bracket_1.jpg,bracket_1.jpg,bracket_1.jpg,3,0.01,0.01,1.0,true,1,2,2,right,1,,false,14,false
wk0,1,10,5,0,1.0,pug_1.jpg,pug_1.jpg,pug_1.jpg,1,1.0,0.01,0.01,true,1,1,5,left,1,,false,14,false
wk0,1,11,6,0,1.0,canister_1.jpg,canister_1.jpg,canister_1.jpg,1,1.0,0.01,0.01,true,1,1,6,left,1,,false,14,false
wk0,1,12,3,5,1.0,subway_1.jpg,subway_1.jpg,subway_1.jpg,2,0.01,1.0,0.01,true,1,3,3,middle,1,,false,14,false
wk0,1,13,7,0,1.0,candle_1.jpg,candle_1.jpg,candle_1.jpg,2,0.01,1.0,0.01,true,1,1,7,middle,1,,false,14,false
wk0,1,14,4,6,1.0,bun_1.jpg,bun_1.jpg,bun_1.jpg,2,0.01,1.0,0.01,true,1,2,4,middle,1,,false,14,false
wk0,1,15,8,0,1.0,rooster_1.jpg,rooster_1.jpg,rooster_1.jpg,3,0.01,0.01,1.0,true,1,1,8,right,1,,false,14,false
wk0,1,16,9,0,1.0,eggplant_1.jpg,eggplant_1.jpg,eggplant_1.jpg,1,1.0,0.01,0.01,true,1,1,9,left,1,,false,14,false
wk0,1,17,6,6,0.5,canister_1.jpg,canister_1.jpg,canister_1.jpg,1,0.5,0.01,0.01,true,1,2,6,left,1,,false,14,false
wk0,1,18,8,3,1.0,rooster_1.jpg,rooster_1.jpg,rooster_1.jpg,3,0.01,0.01,1.0,true,1,2,8,right,1,,false,14,false
wk0,1,19,3,7,1.0,subway_1.jpg,subway_1.jpg,subway_1.jpg,2,0.01,1.0,0.01,true,1,4,3,middle,1,,false,14,false
wk0,1,20,6,3,1.0,canister_1.jpg,canister_1.jpg,canister_1.jpg,1,1.0,0.01,0.01,true,1,3,6,left,1,,false,14,false
wk0,1,21,9,5,1.0,eggplant_1.jpg,eggplant_1.jpg,eggplant_1.jpg,1,1.0,0.01,0.01,true,1,2,9,left,1,,false,14,false
wk0,1,22,7,9,1.0,candle_1.jpg,candle_1.jpg,candle_1.jpg,2,0.01,1.0,0.01,true,1,2,7,middle,1,,false,14,false
wk0,1,23,8,5,1.0,rooster_1.jpg,rooster_1.jpg,rooster_1.jpg,3,0.01,0.01,1.0,true,1,3,8,right,1,,false,14,false
wk0,1,24,6,4,1.0,canister_1.jpg,canister_1.jpg,canister_1.jpg,1,1.0,0.01,0.01,true,1,4,6,left,1,,false,14,false
wk0,1,25,7,3,0.5,candle_1.jpg,candle_1.jpg,candle_1.jpg,2,0.01,0.5,0.01,true,1,3,7,middle,1,,false,14,false
wk0,1,26,9,5,1.0,eggplant_1.jpg,eggplant_1.jpg,eggplant_1.jpg,1,1.0,0.01,0.01,true,1,3,9,left,1,,false,14,false
wk0,1,27,8,4,1.0,rooster_1.jpg,rooster_1.jpg,rooster_1.jpg,3,0.01,0.01,1.0,true,1,4,8,right,1,,false,14,false
wk0,1,28,9,2,0.5,eggplant_1.jpg,eggplant_1.jpg,eggplant_1.jpg,1,0.5,0.01,0.01,true,1,4,9,left,1,,false,14,false
wk0,1,29,6,5,1.0,canister_1.jpg,canister_1.jpg,canister_1.jpg,1,1.0,0.01,0.01,true,1,5,6,left,1,,false,14,false
wk0,1,30,3,11,1.0,subway_1.jpg,subway_1.jpg,subway_1.jpg,2,0.01,1.0,0.01,true,1,5,3,middle,1,,false,14,false
wk0,1,31,7,6,1.0,candle_1.jpg,candle_1.jpg,candle_1.jpg,2,0.01,1.0,0.01,true,1,4,7,middle,1,,false,14,false
wk0,1,32,8,5,1.0,rooster_1.jpg,rooster_1.jpg,rooster_1.jpg,3,0.01,0.01,1.0,true,1,5,8,right,1,,false,14,false
wk0,1,33,7,2,0.5,candle_1.jpg,candle_1.jpg,candle_1.jpg,2,0.01,0.5,0.01,true,1,5,7,middle,1,,false,14,false
wk0,1,34,9,6,1.0,eggplant_1.jpg,eggplant_1.jpg,eggplant_1.jpg,1,1.0,0.01,0.01,true,1,5,9,left,1,,false,14,false
wk0,1,35,6,6,0.5,canister_1.jpg,canister_1.jpg,canister_1.jpg,1,0.5,0.01,0.01,true,1,6,6,left,1,,false,14,false
wk0,1,36,3,6,1.0,subway_1.jpg,subway_1.jpg,subway_1.jpg,2,0.01,1.0,0.01,true,1,6,3,middle,1,,false,14,false
wk0,1,37,3,1,0.5,subway_1.jpg,subway_1.jpg,subway_1.jpg,2,0.01,0.5,0.01,true,1,7,3,middle,1,,false,14,false
wk0,1,38,8,6,1.0,rooster_1.jpg,rooster_1.jpg,rooster_1.jpg,3,0.01,0.01,1.0,true,1,6,8,right,1,,false,14,false
wk0,1,39,3,2,1.0,subway_1.jpg,subway_1.jpg,subway_1.jpg,2,0.01,1.0,0.01,true,1,8,3,middle,1,,false,14,false
wk0,1,40,8,2,1.0,rooster_1.jpg,rooster_1.jpg,rooster_1.jpg,3,0.01,0.01,1.0,true,1,7,8,right,1,,false,14,false
wk0,1,41,7,8,1.0,candle_1.jpg,candle_1.jpg,candle_1.jpg,2,0.01,1.0,0.01,true,1,6,7,middle,1,,false,14,false
wk0,1,42,3,3,1.0,subway_1.jpg,subway_1.jpg,subway_1.jpg,2,0.01,1.0,0.01,true,1,9,3,middle,1,,false,14,false
wk0,1,43,9,9,1.0,eggplant_1.jpg,eggplant_1.jpg,eggplant_1.jpg,1,1.0,0.01,0.01,true,1,6,9,left,1,,false,14,false
wk0,1,44,6,9,1.0,canister_1.jpg,canister_1.jpg,canister_1.jpg,1,1.0,0.01,0.01,true,1,7,6,left,1,,false,14,false
wk0,1,45,9,2,1.0,eggplant_1.jpg,eggplant_1.jpg,eggplant_1.jpg,1,1.0,0.01,0.01,true,1,7,9,left,1,,false,14,false
wk0,1,46,8,6,1.0,rooster_1.jpg,rooster_1.jpg,rooster_1.jpg,3,0.01,0.01,1.0,true,1,8,8,right,1,,false,14,false
wk0,1,47,7,6,1.0,candle_1.jpg,candle_1.jpg,candle_1.jpg,2,0.01,1.0,0.01,true,1,7,7,middle,1,,false,14,false
wk0,1,48,3,6,1.0,subway_1.jpg,subway_1.jpg,subway_1.jpg,2,0.01,1.0,0.01,true,1,10,3,middle,1,,false,14,false
wk0,1,49,7,2,1.0,candle_1.jpg,candle_1.jpg,candle_1.jpg,2,0.01,1.0,0.01,true,1,8,7,middle,1,,false,14,false
wk0,1,50,3,2,1.0,subway_1.jpg,subway_1.jpg,subway_1.jpg,2,0.01,1.0,0.01,true,1,11,3,middle,1,,false,14,false
wk0,1,51,6,7,1.0,canister_1.jpg,canister_1.jpg,canister_1.jpg,1,1.0,0.01,0.01,true,1,8,6,left,1,,false,14,false
wk0,1,52,9,7,1.0,eggplant_1.jpg,eggplant_1.jpg,eggplant_1.jpg,1,1.0,0.01,0.01,true,1,8,9,left,1,,false,14,false
wk0,1,53,6,2,1.0,canister_1.jpg,canister_1.jpg,canister_1.jpg,1,1.0,0.01,0.01,true,1,9,6,left,1,,false,14,false
wk0,1,54,8,8,0.5,rooster_1.jpg,rooster_1.jpg,rooster_1.jpg,3,0.01,0.01,0.5,true,1,9,8,right,1,,false,14,false
wk0,1,55,7,6,1.0,candle_1.jpg,candle_1.jpg,candle_1.jpg,2,0.01,1.0,0.01,true,1,9,7,middle,1,,false,14,false
wk0,1,56,7,1,1.0,candle_1.jpg,candle_1.jpg,candle_1.jpg,2,0.01,1.0,0.01,true,1,10,7,middle,1,,false,14,false
wk0,1,57,3,7,1.0,subway_1.jpg,subway_1.jpg,subway_1.jpg,2,0.01,1.0,0.01,true,1,12,3,middle,1,,false,14,false
wk0,1,58,10,0,1.0,baseball_bat_1.jpg,baseball_bat_1.jpg,baseball_bat_1.jpg,1,1.0,0.01,0.01,true,1,1,10,left,1,,false,14,false
wk0,1,59,7,3,1.0,candle_1.jpg,candle_1.jpg,candle_1.jpg,2,0.01,1.0,0.01,true,1,11,7,middle,1,,false,14,false
wk0,1,60,9,8,0.5,eggplant_1.jpg,eggplant_1.jpg,eggplant_1.jpg,1,0.5,0.01,0.01,true,1,9,9,left,1,,false,14,false
wk0,1,61,8,7,1.0,rooster_1.jpg,rooster_1.jpg,rooster_1.jpg,3,0.01,0.01,1.0,true,1,10,8,right,1,,false,14,false
wk0,1,62,9,2,1.0,eggplant_1.jpg,eggplant_1.jpg,eggplant_1.jpg,1,1.0,0.01,0.01,true,1,10,9,left,1,,false,14,false
wk0,1,63,10,5,0.5,baseball_bat_1.jpg,baseball_bat_1.jpg,baseball_bat_1.jpg,1,0.5,0.01,0.01,true,1,2,10,left,1,,false,14,false
wk0,1,64,6,11,1.0,canister_1.jpg,canister_1.jpg,canister_1.jpg,1,1.0,0.01,0.01,true,1,10,6,left,1,,false,14,false
wk0,1,65,7,6,1.0,candle_1.jpg,candle_1.jpg,candle_1.jpg,2,0.01,1.0,0.01,true,1,12,7,middle,1,,false,14,false
wk0,1,66,11,0,1.0,nail_1.jpg,nail_1.jpg,nail_1.jpg,3,0.01,0.01,1.0,true,1,1,11,right,1,,false,14,false
wk0,1,67,11,1,1.0,nail_1.jpg,nail_1.jpg,nail_1.jpg,3,0.01,0.01,1.0,true,1,2,11,right,1,,false,14,false
wk0,1,68,6,4,1.0,canister_1.jpg,canister_1.jpg,canister_1.jpg,1,1.0,0.01,0.01,true,1,11,6,left,1,,false,14,false
wk0,1,69,8,8,0.5,rooster_1.jpg,rooster_1.jpg,rooster_1.jpg,3,0.01,0.01,0.5,true,1,11,8,right,1,,false,14,false
wk0,1,70,10,7,1.0,baseball_bat_1.jpg,baseball_bat_1.jpg,baseball_bat_1.jpg,1,1.0,0.01,0.01,true,1,3,10,left,1,,false,14,false
wk0,1,71,9,9,1.0,eggplant_1.jpg,eggplant_1.jpg,eggplant_1.jpg,1,1.0,0.01,0.01,true,1,11,9,left,1,,false,14,false
wk0,1,72,6,4,1.0,canister_1.jpg,canister_1.jpg,canister_1.jpg,1,1.0,0.01,0.01,true,1,12,6,left,1,,false,14,false
wk0,1,73,12,0,1.0,throne_1.jpg,throne_1.jpg,throne_1.jpg,3,0.01,0.01,1.0,true,1,1,12,right,1,,false,14,false
wk0,1,74,12,1,1.0,throne_1.jpg,throne_1.jpg,throne_1.jpg,3,0.01,0.01,1.0,true,1,2,12,right,1,,false,14,false
wk0,1,75,10,5,1.0,baseball_bat_1.jpg,baseball_bat_1.jpg,baseball_bat_1.jpg,1,1.0,0.01,0.01,true,1,4,10,left,1,,false,14,false
wk0,1,76,11,9,1.0,nail_1.jpg,nail_1.jpg,nail_1.jpg,3,0.01,0.01,1.0,true,1,3,11,right,1,,false,14,false
wk0,1,77,8,8,1.0,rooster_1.jpg,rooster_1.jpg,rooster_1.jpg,3,0.01,0.01,1.0,true,1,12,8,right,1,,false,14,false
wk0,1,78,13,0,1.0,dolphin_1.jpg,dolphin_1.jpg,dolphin_1.jpg,3,0.01,0.01,1.0,true,1,1,13,right,1,,false,14,false
wk0,1,79,9,8,1.0,eggplant_1.jpg,eggplant_1.jpg,eggplant_1.jpg,1,1.0,0.01,0.01,true,1,12,9,left,1,,false,14,false
wk0,1,80,14,0,1.0,french_horn_1.jpg,french_horn_1.jpg,french_horn_1.jpg,2,0.01,1.0,0.01,true,1,1,14,middle,1,,false,14,false
wk0,1,81,14,1,1.0,french_horn_1.jpg,french_horn_1.jpg,french_horn_1.jpg,2,0.01,1.0,0.01,true,1,2,14,middle,1,,false,14,false
wk0,1,82,13,4,0.5,dolphin_1.jpg,dolphin_1.jpg,dolphin_1.jpg,3,0.01,0.01,0.5,true,1,2,13,right,1,,false,14,false
wk0,1,83,13,1,1.0,dolphin_1.jpg,dolphin_1.jpg,dolphin_1.jpg,3,0.01,0.01,1.0,true,1,3,13,right,1,,false,14,false
wk0,1,84,14,3,0.5,french_horn_1.jpg,french_horn_1.jpg,french_horn_1.jpg,2,0.01,0.5,0.01,true,1,3,14,middle,1,,false,14,false
wk0,1,85,11,9,1.0,nail_1.jpg,nail_1.jpg,nail_1.jpg,3,0.01,0.01,1.0,true,1,4,11,right,1,,false,14,false
wk0,1,86,10,11,1.0,baseball_bat_1.jpg,baseball_bat_1.jpg,baseball_bat_1.jpg,1,1.0,0.01,0.01,true,1,5,10,left,1,,false,14,false
wk0,1,87,13,4,1.0,dolphin_1.jpg,dolphin_1.jpg,dolphin_1.jpg,3,0.01,0.01,1.0,true,1,4,13,right,1,,false,14,false
wk0,1,88,14,4,1.0,french_horn_1.jpg,french_horn_1.jpg,french_horn_1.jpg,2,0.01,1.0,0.01,true,1,4,14,middle,1,,false,14,false
wk0,1,89,14,1,1.0,french_horn_1.jpg,french_horn_1.jpg,french_horn_1.jpg,2,0.01,1.0,0.01,true,1,5,14,middle,1,,false,14,false
wk0,1,90,11,5,1.0,nail_1.jpg,nail_1.jpg,nail_1.jpg,3,0.01,0.01,1.0,true,1,5,11,right,1,,false,14,false
wk0,1,91,10,5,1.0,baseball_bat_1.jpg,baseball_bat_1.jpg,baseball_bat_1.jpg,1,1.0,0.01,0.01,true,1,6,10,left,1,,false,14,false
wk0,1,92,13,5,0.5,dolphin_1.jpg,dolphin_1.jpg,dolphin_1.jpg,3,0.01,0.01,0.5,true,1,5,13,right,1,,false,14,false
wk0,1,93,14,4,1.0,french_horn_1.jpg,french_horn_1.jpg,french_horn_1.jpg,2,0.01,1.0,0.01,true,1,6,14,middle,1,,false,14,false
wk0,1,94,11,4,0.5,nail_1.jpg,nail_1.jpg,nail_1.jpg,3,0.01,0.01,0.5,true,1,6,11,right,1,,false,14,false
wk0,1,95,14,2,0.5,french_horn_1.jpg,french_horn_1.jpg,french_horn_1.jpg,2,0.01,0.5,0.01,true,1,7,14,middle,1,,false,14,false
wk0,1,96,13,4,1.0,dolphin_1.jpg,dolphin_1.jpg,dolphin_1.jpg,3,0.01,0.01,1.0,true,1,6,13,right,1,,false,14,false
wk0,1,97,11,3,1.0,nail_1.jpg,nail_1.jpg,nail_1.jpg,3,0.01,0.01,1.0,true,1,7,11,right,1,,false,14,false
wk0,1,98,11,1,1.0,nail_1.jpg,nail_1.jpg,nail_1.jpg,3,0.01,0.01,1.0,true,1,8,11,right,1,,false,14,false
wk0,1,99,10,8,1.0,baseball_bat_1.jpg,baseball_bat_1.jpg,baseball_bat_1.jpg,1,1.0,0.01,0.01,true,1,7,10,left,1,,false,14,false
wk0,1,100,14,5,1.0,french_horn_1.jpg,french_horn_1.jpg,french_horn_1.jpg,2,0.01,1.0,0.01,true,1,8,14,middle,1,,false,14,false
wk0,1,101,11,3,1.0,nail_1.jpg,nail_1.jpg,nail_1.jpg,3,0.01,0.01,1.0,true,1,9,11,right,1,,false,14,false
wk0,1,102,14,2,1.0,french_horn_1.jpg,french_horn_1.jpg,french_horn_1.jpg,2,0.01,1.0,0.01,true,1,9,14,middle,1,,false,14,false
wk0,1,103,11,2,1.0,nail_1.jpg,nail_1.jpg,nail_1.jpg,3,0.01,0.01,1.0,true,1,10,11,right,1,,false,14,false
wk0,1,104,13,8,1.0,dolphin_1.jpg,dolphin_1.jpg,dolphin_1.jpg,3,0.01,0.01,1.0,true,1,7,13,right,1,,false,14,false
wk0,1,105,11,2,1.0,nail_1.jpg,nail_1.jpg,nail_1.jpg,3,0.01,0.01,1.0,true,1,11,11,right,1,,false,14,false
wk0,1,106,14,4,1.0,french_horn_1.jpg,french_horn_1.jpg,french_horn_1.jpg,2,0.01,1.0,0.01,true,1,10,14,middle,1,,false,14,false
wk0,1,107,13,3,1.0,dolphin_1.jpg,dolphin_1.jpg,dolphin_1.jpg,3,0.01,0.01,1.0,true,1,8,13,right,1,,false,14,false
wk0,1,108,11,3,0.5,nail_1.jpg,nail_1.jpg,nail_1.jpg,3,0.01,0.01,0.5,true,1,12,11,right,1,,false,14,false
wk2,1,1,1,1,1.0,hourglass_1.jpg,hourglass_1.jpg,hourglass_1.jpg,1,1.0,0.01,0.01,true,1,1,1,left,1,,false,14,false
wk2,1,2,1,1,0.5,hourglass_1.jpg,hourglass_1.jpg,hourglass_1.jpg,1,0.5,0.01,0.01,true,1,2,1,left,1,,false,14,false
wk2,1,3,1,1,1.0,hourglass_1.jpg,hourglass_1.jpg,hourglass_1.jpg,1,1.0,0.01,0.01,true,1,3,1,left,1,,false,14,false
wk2,1,4,1,1,1.0,hourglass_1.jpg,hourglass_1.jpg,hourglass_1.jpg,1,1.0,0.01,0.01,true,1,4,1,left,1,,false,14,false
wk2,1,5,2,0,1.0,toast_1.jpg,toast_1.jpg,toast_1.jpg,3,0.01,0.01,1.0,true,1,1,2,right,1,,false,14,false
wk2,1,6,3,0,0.5,screw_1.jpg,screw_1.jpg,screw_1.jpg,1,0.5,0.01,0.01,true,1,1,3,left,1,,false,14,false
wk2,1,7,3,1,1.0,screw_1.jpg,screw_1.jpg,screw_1.jpg,1,1.0,0.01,0.01,true,1,2,3,left,1,,false,14,false
wk2,1,8,4,0,1.0,cheeseburger_1.jpg,cheeseburger_1.jpg,cheeseburger_1.jpg,3,0.01,0.01,1.0,true,1,1,4,right,1,,false,14,false
wk2,1,9,2,4,1.0,toast_1.jpg,toast_1.jpg,toast_1.jpg,3,0.01,0.01,1.0,true,1,2,2,right,1,,false,14,false
wk2,1,10,5,0,1.0,pan_1.jpg,pan_1.jpg,pan_1.jpg,1,1.0,0.01,0.01,true,1,1,5,left,1,,false,14,false
wk2,1,11,6,0,1.0,kazoo_1.jpg,kazoo_1.jpg,kazoo_1.jpg,3,0.01,0.01,1.0,true,1,1,6,right,1,,false,14,false
wk2,1,12,3,5,1.0,screw_1.jpg,screw_1.jpg,screw_1.jpg,1,1.0,0.01,0.01,true,1,3,3,left,1,,false,14,false
wk2,1,13,7,0,1.0,bamboo_1.jpg,bamboo_1.jpg,bamboo_1.jpg,1,1.0,0.01,0.01,true,1,1,7,left,1,,false,14,false
wk2,1,14,4,6,1.0,cheeseburger_1.jpg,cheeseburger_1.jpg,cheeseburger_1.jpg,3,0.01,0.01,1.0,true,1,2,4,right,1,,false,14,false
wk2,1,15,8,0,1.0,magnet_1.jpg,magnet_1.jpg,magnet_1.jpg,3,0.01,0.01,1.0,true,1,1,8,right,1,,false,14,false
wk2,1,16,9,0,1.0,playing_card_1.jpg,playing_card_1.jpg,playing_card_1.jpg,2,0.01,1.0,0.01,true,1,1,9,middle,1,,false,14,false
wk2,1,17,6,6,0.5,kazoo_1.jpg,kazoo_1.jpg,kazoo_1.jpg,3,0.01,0.01,0.5,true,1,2,6,right,1,,false,14,false
wk2,1,18,8,3,1.0,magnet_1.jpg,magnet_1.jpg,magnet_1.jpg,3,0.01,0.01,1.0,true,1,2,8,right,1,,false,14,false
wk2,1,19,3,7,1.0,screw_1.jpg,screw_1.jpg,screw_1.jpg,1,1.0,0.01,0.01,true,1,4,3,left,1,,false,14,false
wk2,1,20,6,3,1.0,kazoo_1.jpg,kazoo_1.jpg,kazoo_1.jpg,3,0.01,0.01,1.0,true,1,3,6,right,1,,false,14,false
wk2,1,21,9,5,1.0,playing_card_1.jpg,playing_card_1.jpg,playing_card_1.jpg,2,0.01,1.0,0.01,true,1,2,9,middle,1,,false,14,false
wk2,1,22,7,9,1.0,bamboo_1.jpg,bamboo_1.jpg,bamboo_1.jpg,1,1.0,0.01,0.01,true,1,2,7,left,1,,false,14,false
wk2,1,23,8,5,1.0,magnet_1.jpg,magnet_1.jpg,magnet_1.jpg,3,0.01,0.01,1.0,true,1,3,8,right,1,,false,14,false
wk2,1,24,6,4,1.0,kazoo_1.jpg,kazoo_1.jpg,kazoo_1.jpg,3,0.01,0.01,1.0,true,1,4,6,right,1,,false,14,false
wk2,1,25,7,3,0.5,bamboo_1.jpg,bamboo_1.jpg,bamboo_1.jpg,1,0.5,0.01,0.01,true,1,3,7,left,1,,false,14,false
wk2,1,26,9,5,1.0,playing_card_1.jpg,playing_card_1.jpg,playing_card_1.jpg,2,0.01,1.0,0.01,true,1,3,9,middle,1,,false,14,false
wk2,1,27,8,4,1.0,magnet_1.jpg,magnet_1.jpg,magnet_1.jpg,3,0.01,0.01,1.0,true,1,4,8,right,1,,false,14,false
wk2,1,28,9,2,0.5,playing_card_1.jpg,playing_card_1.jpg,playing_card_1.jpg,2,0.01,0.5,0.01,true,1,4,9,middle,1,,false,14,false
wk2,1,29,6,5,1.0,kazoo_1.jpg,kazoo_1.jpg,kazoo_1.jpg,3,0.01,0.01,1.0,true,1,5,6,right,1,,false,14,false
wk2,1,30,3,11,1.0,screw_1.jpg,screw_1.jpg,screw_1.jpg,1,1.0,0.01,0.01,true,1,5,3,left,1,,false,14,false
wk2,1,31,7,6,1.0,bamboo_1.jpg,bamboo_1.jpg,bamboo_1.jpg,1,1.0,0.01,0.01,true,1,4,7,left,1,,false,14,false
wk2,1,32,8,5,1.0,magnet_1.jpg,magnet_1.jpg,magnet_1.jpg,3,0.01,0.01,1.0,true,1,5,8,right,1,,false,14,false
wk2,1,33,7,2,0.5,bamboo_1.jpg,bamboo_1.jpg,bamboo_1.jpg,1,0.5,0.01,0.01,true,1,5,7,left,1,,false,14,false
wk2,1,34,9,6,1.0,playing_card_1.jpg,playing_card_1.jpg,playing_card_1.jpg,2,0.01,1.0,0.01,true,1,5,9,middle,1,,false,14,false
wk2,1,35,6,6,0.5,kazoo_1.jpg,kazoo_1.jpg,kazoo_1.jpg,3,0.01,0.01,0.5,true,1,6,6,right,1,,false,14,false
wk2,1,36,3,6,1.0,screw_1.jpg,screw_1.jpg,screw_1.jpg,1,1.0,0.01,0.01,true,1,6,3,left,1,,false,14,false
wk2,1,37,3,1,0.5,screw_1.jpg,screw_1.jpg,screw_1.jpg,1,0.5,0.01,0.01,true,1,7,3,left,1,,false,14,false
wk2,1,38,8,6,1.0,magnet_1.jpg,magnet_1.jpg,magnet_1.jpg,3,0.01,0.01,1.0,true,1,6,8,right,1,,false,14,false
wk2,1,39,3,2,1.0,screw_1.jpg,screw_1.jpg,screw_1.jpg,1,1.0,0.01,0.01,true,1,8,3,left,1,,false,14,false
wk2,1,40,8,2,1.0,magnet_1.jpg,magnet_1.jpg,magnet_1.jpg,3,0.01,0.01,1.0,true,1,7,8,right,1,,false,14,false
wk2,1,41,7,8,1.0,bamboo_1.jpg,bamboo_1.jpg,bamboo_1.jpg,1,1.0,0.01,0.01,true,1,6,7,left,1,,false,14,false
wk2,1,42,3,3,1.0,screw_1.jpg,screw_1.jpg,screw_1.jpg,1,1.0,0.01,0.01,true,1,9,3,left,1,,false,14,false
wk2,1,43,9,9,1.0,playing_card_1.jpg,playing_card_1.jpg,playing_card_1.jpg,2,0.01,1.0,0.01,true,1,6,9,middle,1,,false,14,false
wk2,1,44,6,9,1.0,kazoo_1.jpg,kazoo_1.jpg,kazoo_1.jpg,3,0.01,0.01,1.0,true,1,7,6,right,1,,false,14,false
wk2,1,45,9,2,1.0,playing_card_1.jpg,playing_card_1.jpg,playing_card_1.jpg,2,0.01,1.0,0.01,true,1,7,9,middle,1,,false,14,false
wk2,1,46,8,6,1.0,magnet_1.jpg,magnet_1.jpg,magnet_1.jpg,3,0.01,0.01,1.0,true,1,8,8,right,1,,false,14,false
wk2,1,47,7,6,1.0,bamboo_1.jpg,bamboo_1.jpg,bamboo_1.jpg,1,1.0,0.01,0.01,true,1,7,7,left,1,,false,14,false
wk2,1,48,3,6,1.0,screw_1.jpg,screw_1.jpg,screw_1.jpg,1,1.0,0.01,0.01,true,1,10,3,left,1,,false,14,false
wk2,1,49,7,2,1.0,bamboo_1.jpg,bamboo_1.jpg,bamboo_1.jpg,1,1.0,0.01,0.01,true,1,8,7,left,1,,false,14,false
wk2,1,50,3,2,1.0,screw_1.jpg,screw_1.jpg,screw_1.jpg,1,1.0,0.01,0.01,true,1,11,3,left,1,,false,14,false
wk2,1,51,6,7,1.0,kazoo_1.jpg,kazoo_1.jpg,kazoo_1.jpg,3,0.01,0.01,1.0,true,1,8,6,right,1,,false,14,false
wk2,1,52,9,7,1.0,playing_card_1.jpg,playing_card_1.jpg,playing_card_1.jpg,2,0.01,1.0,0.01,true,1,8,9,middle,1,,false,14,false
wk2,1,53,6,2,1.0,kazoo_1.jpg,kazoo_1.jpg,kazoo_1.jpg,3,0.01,0.01,1.0,true,1,9,6,right,1,,false,14,false
wk2,1,54,8,8,0.5,magnet_1.jpg,magnet_1.jpg,magnet_1.jpg,3,0.01,0.01,0.5,true,1,9,8,right,1,,false,14,false
wk2,1,55,7,6,1.0,bamboo_1.jpg,bamboo_1.jpg,bamboo_1.jpg,1,1.0,0.01,0.01,true,1,9,7,left,1,,false,14,false
wk2,1,56,7,1,1.0,bamboo_1.jpg,bamboo_1.jpg,bamboo_1.jpg,1,1.0,0.01,0.01,true,1,10,7,left,1,,false,14,false
wk2,1,57,3,7,1.0,screw_1.jpg,screw_1.jpg,screw_1.jpg,1,1.0,0.01,0.01,true,1,12,3,left,1,,false,14,false
wk2,1,58,10,0,1.0,burner_1.jpg,burner_1.jpg,burner_1.jpg,1,1.0,0.01,0.01,true,1,1,10,left,1,,false,14,false
wk2,1,59,7,3,1.0,bamboo_1.jpg,bamboo_1.jpg,bamboo_1.jpg,1,1.0,0.01,0.01,true,1,11,7,left,1,,false,14,false
wk2,1,60,9,8,0.5,playing_card_1.jpg,playing_card_1.jpg,playing_card_1.jpg,2,0.01,0.5,0.01,true,1,9,9,middle,1,,false,14,false
wk2,1,61,8,7,1.0,magnet_1.jpg,magnet_1.jpg,magnet_1.jpg,3,0.01,0.01,1.0,true,1,10,8,right,1,,false,14,false
wk2,1,62,9,2,1.0,playing_card_1.jpg,playing_card_1.jpg,playing_card_1.jpg,2,0.01,1.0,0.01,true,1,10,9,middle,1,,false,14,false
wk2,1,63,10,5,0.5,burner_1.jpg,burner_1.jpg,burner_1.jpg,1,0.5,0.01,0.01,true,1,2,10,left,1,,false,14,false
wk2,1,64,6,11,1.0,kazoo_1.jpg,kazoo_1.jpg,kazoo_1.jpg,3,0.01,0.01,1.0,true,1,10,6,right,1,,false,14,false
wk2,1,65,7,6,1.0,bamboo_1.jpg,bamboo_1.jpg,bamboo_1.jpg,1,1.0,0.01,0.01,true,1,12,7,left,1,,false,14,false
wk2,1,66,11,0,1.0,hot_tub_1.jpg,hot_tub_1.jpg,hot_tub_1.jpg,2,0.01,1.0,0.01,true,1,1,11,middle,1,,false,14,false
wk2,1,67,11,1,1.0,hot_tub_1.jpg,hot_tub_1.jpg,hot_tub_1.jpg,2,0.01,1.0,0.01,true,1,2,11,middle,1,,false,14,false
wk2,1,68,6,4,1.0,kazoo_1.jpg,kazoo_1.jpg,kazoo_1.jpg,3,0.01,0.01,1.0,true,1,11,6,right,1,,false,14,false
wk2,1,69,8,8,0.5,magnet_1.jpg,magnet_1.jpg,magnet_1.jpg,3,0.01,0.01,0.5,true,1,11,8,right,1,,false,14,false
wk2,1,70,10,7,1.0,burner_1.jpg,burner_1.jpg,burner_1.jpg,1,1.0,0.01,0.01,true,1,3,10,left,1,,false,14,false
wk2,1,71,9,9,1.0,playing_card_1.jpg,playing_card_1.jpg,playing_card_1.jpg,2,0.01,1.0,0.01,true,1,11,9,middle,1,,false,14,false
wk2,1,72,6,4,1.0,kazoo_1.jpg,kazoo_1.jpg,kazoo_1.jpg,3,0.01,0.01,1.0,true,1,12,6,right,1,,false,14,false
wk2,1,73,12,0,1.0,pancake_1.jpg,pancake_1.jpg,pancake_1.jpg,2,0.01,1.0,0.01,true,1,1,12,middle,1,,false,14,false
wk2,1,74,12,1,1.0,pancake_1.jpg,pancake_1.jpg,pancake_1.jpg,2,0.01,1.0,0.01,true,1,2,12,middle,1,,false,14,false
wk2,1,75,10,5,1.0,burner_1.jpg,burner_1.jpg,burner_1.jpg,1,1.0,0.01,0.01,true,1,4,10,left,1,,false,14,false
wk2,1,76,11,9,1.0,hot_tub_1.jpg,hot_tub_1.jpg,hot_tub_1.jpg,2,0.01,1.0,0.01,true,1,3,11,middle,1,,false,14,false
wk2,1,77,8,8,1.0,magnet_1.jpg,magnet_1.jpg,magnet_1.jpg,3,0.01,0.01,1.0,true,1,12,8,right,1,,false,14,false
wk2,1,78,13,0,1.0,ivy_1.jpg,ivy_1.jpg,ivy_1.jpg,3,0.01,0.01,1.0,true,1,1,13,right,1,,false,14,false
wk2,1,79,9,8,1.0,playing_card_1.jpg,playing_card_1.jpg,playing_card_1.jpg,2,0.01,1.0,0.01,true,1,12,9,middle,1,,false,14,false
wk2,1,80,14,0,1.0,pin_1.jpg,pin_1.jpg,pin_1.jpg,2,0.01,1.0,0.01,true,1,1,14,middle,1,,false,14,false
wk2,1,81,14,1,1.0,pin_1.jpg,pin_1.jpg,pin_1.jpg,2,0.01,1.0,0.01,true,1,2,14,middle,1,,false,14,false
wk2,1,82,13,4,0.5,ivy_1.jpg,ivy_1.jpg,ivy_1.jpg,3,0.01,0.01,0.5,true,1,2,13,right,1,,false,14,false
wk2,1,83,13,1,1.0,ivy_1.jpg,ivy_1.jpg,ivy_1.jpg,3,0.01,0.01,1.0,true,1,3,13,right,1,,false,14,false
wk2,1,84,14,3,0.5,pin_1.jpg,pin_1.jpg,pin_1.jpg,2,0.01,0.5,0.01,true,1,3,14,middle,1,,false,14,false
wk2,1,85,11,9,1.0,hot_tub_1.jpg,hot_tub_1.jpg,hot_tub_1.jpg,2,0.01,1.0,0.01,true,1,4,11,middle,1,,false,14,false
wk2,1,86,10,11,1.0,burner_1.jpg,burner_1.jpg,burner_1.jpg,1,1.0,0.01,0.01,true,1,5,10,left,1,,false,14,false
wk2,1,87,13,4,1.0,ivy_1.jpg,ivy_1.jpg,ivy_1.jpg,3,0.01,0.01,1.0,true,1,4,13,right,1,,false,14,false
wk2,1,88,14,4,1.0,pin_1.jpg,pin_1.jpg,pin_1.jpg,2,0.01,1.0,0.01,true,1,4,14,middle,1,,false,14,false
wk2,1,89,14,1,1.0,pin_1.jpg,pin_1.jpg,pin_1.jpg,2,0.01,1.0,0.01,true,1,5,14,middle,1,,false,14,false
wk2,1,90,11,5,1.0,hot_tub_1.jpg,hot_tub_1.jpg,hot_tub_1.jpg,2,0.01,1.0,0.01,true,1,5,11,middle,1,,false,14,false
wk2,1,91,10,5,1.0,burner_1.jpg,burner_1.jpg,burner_1.jpg,1,1.0,0.01,0.01,true,1,6,10,left,1,,false,14,false
wk2,1,92,13,5,0.5,ivy_1.jpg,ivy_1.jpg,ivy_1.jpg,3,0.01,0.01,0.5,true,1,5,13,right,1,,false,14,false
wk2,1,93,14,4,1.0,pin_1.jpg,pin_1.jpg,pin_1.jpg,2,0.01,1.0,0.01,true,1,6,14,middle,1,,false,14,false
wk2,1,94,11,4,0.5,hot_tub_1.jpg,hot_tub_1.jpg,hot_tub_1.jpg,2,0.01,0.5,0.01,true,1,6,11,middle,1,,false,14,false
wk2,1,95,14,2,0.5,pin_1.jpg,pin_1.jpg,pin_1.jpg,2,0.01,0.5,0.01,true,1,7,14,middle,1,,false,14,false
wk2,1,96,13,4,1.0,ivy_1.jpg,ivy_1.jpg,ivy_1.jpg,3,0.01,0.01,1.0,true,1,6,13,right,1,,false,14,false
wk2,1,97,11,3,1.0,hot_tub_1.jpg,hot_tub_1.jpg,hot_tub_1.jpg,2,0.01,1.0,0.01,true,1,7,11,middle,1,,false,14,false
wk2,1,98,11,1,1.0,hot_tub_1.jpg,hot_tub_1.jpg,hot_tub_1.jpg,2,0.01,1.0,0.01,true,1,8,11,middle,1,,false,14,false
wk2,1,99,10,8,1.0,burner_1.jpg,burner_1.jpg,burner_1.jpg,1,1.0,0.01,0.01,true,1,7,10,left,1,,false,14,false
wk2,1,100,14,5,1.0,pin_1.jpg,pin_1.jpg,pin_1.jpg,2,0.01,1.0,0.01,true,1,8,14,middle,1,,false,14,false
wk2,1,101,11,3,1.0,hot_tub_1.jpg,hot_tub_1.jpg,hot_tub_1.jpg,2,0.01,1.0,0.01,true,1,9,11,middle,1,,false,14,false
wk2,1,102,14,2,1.0,pin_1.jpg,pin_1.jpg,pin_1.jpg,2,0.01,1.0,0.01,true,1,9,14,middle,1,,false,14,false
wk2,1,103,11,2,1.0,hot_tub_1.jpg,hot_tub_1.jpg,hot_tub_1.jpg,2,0.01,1.0,0.01,true,1,10,11,middle,1,,false,14,false
wk2,1,104,13,8,1.0,ivy_1.jpg,ivy_1.jpg,ivy_1.jpg,3,0.01,0.01,1.0,true,1,7,13,right,1,,false,14,false
wk2,1,105,11,2,1.0,hot_tub_1.jpg,hot_tub_1.jpg,hot_tub_1.jpg,2,0.01,1.0,0.01,true,1,11,11,middle,1,,false,14,false
wk2,1,106,14,4,1.0,pin_1.jpg,pin_1.jpg,pin_1.jpg,2,0.01,1.0,0.01,true,1,10,14,middle,1,,false,14,false
wk2,1,107,13,3,1.0,ivy_1.jpg,ivy_1.jpg,ivy_1.jpg,3,0.01,0.01,1.0,true,1,8,13,right,1,,false,14,false
wk2,1,108,11,3,0.5,hot_tub_1.jpg,hot_tub_1.jpg,hot_tub_1.jpg,2,0.01,0.5,0.01,true,1,12,11,middle,1,,false,14,false
wk4,1,1,1,1,1.0,suitcase_1.jpg,suitcase_1.jpg,suitcase_1.jpg,1,1.0,0.01,0.01,true,1,1,1,left,1,,false,14,false
wk4,1,2,1,1,0.5,suitcase_1.jpg,suitcase_1.jpg,suitcase_1.jpg,1,0.5,0.01,0.01,true,1,2,1,left,1,,false,14,false
wk4,1,3,1,1,1.0,suitcase_1.jpg,suitcase_1.jpg,suitcase_1.jpg,1,1.0,0.01,0.01,true,1,3,1,left,1,,false,14,false
wk4,1,4,1,1,1.0,suitcase_1.jpg,suitcase_1.jpg,suitcase_1.jpg,1,1.0,0.01,0.01,true,1,4,1,left,1,,false,14,false
wk4,1,5,2,0,1.0,microscope_1.jpg,microscope_1.jpg,microscope_1.jpg,2,0.01,1.0,0.01,true,1,1,2,middle,1,,false,14,false
wk4,1,6,3,0,0.5,shopping_basket_1.jpg,shopping_basket_1.jpg,shopping_basket_1.jpg,1,0.5,0.01,0.01,true,1,1,3,left,1,,false,14,false
wk4,1,7,3,1,1.0,shopping_basket_1.jpg,shopping_basket_1.jpg,shopping_basket_1.jpg,1,1.0,0.01,0.01,true,1,2,3,left,1,,false,14,false
wk4,1,8,4,0,1.0,cat_1.jpg,cat_1.jpg,cat_1.jpg,3,0.01,0.01,1.0,true,1,1,4,right,1,,false,14,false
wk4,1,9,2,4,1.0,microscope_1.jpg,microscope_1.jpg,microscope_1.jpg,2,0.01,1.0,0.01,true,1,2,2,middle,1,,false,14,false
wk4,1,10,5,0,1.0,bunkbed_1.jpg,bunkbed_1.jpg,bunkbed_1.jpg,1,1.0,0.01,0.01,true,1,1,5,left,1,,false,14,false
wk4,1,11,6,0,1.0,gingerbread_man_1.jpg,gingerbread_man_1.jpg,gingerbread_man_1.jpg,3,0.01,0.01,1.0,true,1,1,6,right,1,,false,14,false
wk4,1,12,3,5,1.0,shopping_basket_1.jpg,shopping_basket_1.jpg,shopping_basket_1.jpg,1,1.0,0.01,0.01,true,1,3,3,left,1,,false,14,false
wk4,1,13,7,0,1.0,collar_1.jpg,collar_1.jpg,collar_1.jpg,2,0.01,1.0,0.01,true,1,1,7,middle,1,,false,14,false
wk4,1,14,4,6,1.0,cat_1.jpg,cat_1.jpg,cat_1.jpg,3,0.01,0.01,1.0,true,1,2,4,right,1,,false,14,false
wk4,1,15,8,0,1.0,cap_1.jpg,cap_1.jpg,cap_1.jpg,1,1.0,0.01,0.01,true,1,1,8,left,1,,false,14,false
wk4,1,16,9,0,1.0,tiger_1.jpg,tiger_1.jpg,tiger_1.jpg,3,0.01,0.01,1.0,true,1,1,9,right,1,,false,14,false
wk4,1,17,6,6,0.5,gingerbread_man_1.jpg,gingerbread_man_1.jpg,gingerbread_man_1.jpg,3,0.01,0.01,0.5,true,1,2,6,right,1,,false,14,false
wk4,1,18,8,3,1.0,cap_1.jpg,cap_1.jpg,cap_1.jpg,1,1.0,0.01,0.01,true,1,2,8,left,1,,false,14,false
wk4,1,19,3,7,1.0,shopping_basket_1.jpg,shopping_basket_1.jpg,shopping_basket_1.jpg,1,1.0,0.01,0.01,true,1,4,3,left,1,,false,14,false
wk4,1,20,6,3,1.0,gingerbread_man_1.jpg,gingerbread_man_1.jpg,gingerbread_man_1.jpg,3,0.01,0.01,1.0,true,1,3,6,right,1,,false,14,false
wk4,1,21,9,5,1.0,tiger_1.jpg,tiger_1.jpg,tiger_1.jpg,3,0.01,0.01,1.0,true,1,2,9,right,1,,false,14,false
wk4,1,22,7,9,1.0,collar_1.jpg,collar_1.jpg,collar_1.jpg,2,0.01,1.0,0.01,true,1,2,7,middle,1,,false,14,false
wk4,1,23,8,5,1.0,cap_1.jpg,cap_1.jpg,cap_1.jpg,1,1.0,0.01,0.01,true,1,3,8,left,1,,false,14,false
wk4,1,24,6,4,1.0,gingerbread_man_1.jpg,gingerbread_man_1.jpg,gingerbread_man_1.jpg,3,0.01,0.01,1.0,true,1,4,6,right,1,,false,14,false
wk4,1,25,7,3,0.5,collar_1.jpg,collar_1.jpg,collar_1.jpg,2,0.01,0.5,0.01,true,1,3,7,middle,1,,false,14,false
wk4,1,26,9,5,1.0,tiger_1.jpg,tiger_1.jpg,tiger_1.jpg,3,0.01,0.01,1.0,true,1,3,9,right,1,,false,14,false
wk4,1,27,8,4,1.0,cap_1.jpg,cap_1.jpg,cap_1.jpg,1,1.0,0.01,0.01,true,1,4,8,left,1,,false,14,false
wk4,1,28,9,2,0.5,tiger_1.jpg,tiger_1.jpg,tiger_1.jpg,3,0.01,0.01,0.5,true,1,4,9,right,1,,false,14,false
wk4,1,29,6,5,1.0,gingerbread_man_1.jpg,gingerbread_man_1.jpg,gingerbread_man_1.jpg,3,0.01,0.01,1.0,true,1,5,6,right,1,,false,14,false
wk4,1,30,3,11,1.0,shopping_basket_1.jpg,shopping_basket_1.jpg,shopping_basket_1.jpg,1,1.0,0.01,0.01,true,1,5,3,left,1,,false,14,false
wk4,1,31,7,6,1.0,collar_1.jpg,collar_1.jpg,collar_1.jpg,2,0.01,1.0,0.01,true,1,4,7,middle,1,,false,14,false
wk4,1,32,8,5,1.0,cap_1.jpg,cap_1.jpg,cap_1.jpg,1,1.0,0.01,0.01,true,1,5,8,left,1,,false,14,false
wk4,1,33,7,2,0.5,collar_1.jpg,collar_1.jpg,collar_1.jpg,2,0.01,0.5,0.01,true,1,5,7,middle,1,,false,14,false
wk4,1,34,9,6,1.0,tiger_1.jpg,tiger_1.jpg,tiger_1.jpg,3,0.01,0.01,1.0,true,1,5,9,right,1,,false,14,false
wk4,1,35,6,6,0.5,gingerbread_man_1.jpg,gingerbread_man_1.jpg,gingerbread_man_1.jpg,3,0.01,0.01,0.5,true,1,6,6,right,1,,false,14,false
wk4,1,36,3,6,1.0,shopping_basket_1.jpg,shopping_basket_1.jpg,shopping_basket_1.jpg,1,1.0,0.01,0.01,true,1,6,3,left,1,,false,14,false
wk4,1,37,3,1,0.5,shopping_basket_1.jpg,shopping_basket_1.jpg,shopping_basket_1.jpg,1,0.5,0.01,0.01,true,1,7,3,left,1,,false,14,false
wk4,1,38,8,6,1.0,cap_1.jpg,cap_1.jpg,cap_1.jpg,1,1.0,0.01,0.01,true,1,6,8,left,1,,false,14,false
wk4,1,39,3,2,1.0,shopping_basket_1.jpg,shopping_basket_1.jpg,shopping_basket_1.jpg,1,1.0,0.01,0.01,true,1,8,3,left,1,,false,14,false
wk4,1,40,8,2,1.0,cap_1.jpg,cap_1.jpg,cap_1.jpg,1,1.0,0.01,0.01,true,1,7,8,left,1,,false,14,false
wk4,1,41,7,8,1.0,collar_1.jpg,collar_1.jpg,collar_1.jpg,2,0.01,1.0,0.01,true,1,6,7,middle,1,,false,14,false
wk4,1,42,3,3,1.0,shopping_basket_1.jpg,shopping_basket_1.jpg,shopping_basket_1.jpg,1,1.0,0.01,0.01,true,1,9,3,left,1,,false,14,false
wk4,1,43,9,9,1.0,tiger_1.jpg,tiger_1.jpg,tiger_1.jpg,3,0.01,0.01,1.0,true,1,6,9,right,1,,false,14,false
wk4,1,44,6,9,1.0,gingerbread_man_1.jpg,gingerbread_man_1.jpg,gingerbread_man_1.jpg,3,0.01,0.01,1.0,true,1,7,6,right,1,,false,14,false
wk4,1,45,9,2,1.0,tiger_1.jpg,tiger_1.jpg,tiger_1.jpg,3,0.01,0.01,1.0,true,1,7,9,right,1,,false,14,false
wk4,1,46,8,6,1.0,cap_1.jpg,cap_1.jpg,cap_1.jpg,1,1.0,0.01,0.01,true,1,8,8,left,1,,false,14,false
wk4,1,47,7,6,1.0,collar_1.jpg,collar_1.jpg,collar_1.jpg,2,0.01,1.0,0.01,true,1,7,7,middle,1,,false,14,false
wk4,1,48,3,6,1.0,shopping_basket_1.jpg,shopping_basket_1.jpg,shopping_basket_1.jpg,1,1.0,0.01,0.01,true,1,10,3,left,1,,false,14,false
wk4,1,49,7,2,1.0,collar_1.jpg,collar_1.jpg,collar_1.jpg,2,0.01,1.0,0.01,true,1,8,7,middle,1,,false,14,false
wk4,1,50,3,2,1.0,shopping_basket_1.jpg,shopping_basket_1.jpg,shopping_basket_1.jpg,1,1.0,0.01,0.01,true,1,11,3,left,1,,false,14,false
wk4,1,51,6,7,1.0,gingerbread_man_1.jpg,gingerbread_man_1.jpg,gingerbread_man_1.jpg,3,0.01,0.01,1.0,true,1,8,6,right,1,,false,14,false
wk4,1,52,9,7,1.0,tiger_1.jpg,tiger_1.jpg,tiger_1.jpg,3,0.01,0.01,1.0,true,1,8,9,right,1,,false,14,false
wk4,1,53,6,2,1.0,gingerbread_man_1.jpg,gingerbread_man_1.jpg,gingerbread_man_1.jpg,3,0.01,0.01,1.0,true,1,9,6,right,1,,false,14,false
wk4,1,54,8,8,0.5,cap_1.jpg,cap_1.jpg,cap_1.jpg,1,0.5,0.01,0.01,true,1,9,8,left,1,,false,14,false
wk4,1,55,7,6,1.0,collar_1.jpg,collar_1.jpg,collar_1.jpg,2,0.01,1.0,0.01,true,1,9,7,middle,1,,false,14,false
wk4,1,56,7,1,1.0,collar_1.jpg,collar_1.jpg,collar_1.jpg,2,0.01,1.0,0.01,true,1,10,7,middle,1,,false,14,false
wk4,1,57,3,7,1.0,shopping_basket_1.jpg,shopping_basket_1.jpg,shopping_basket_1.jpg,1,1.0,0.01,0.01,true,1,12,3,left,1,,false,14,false
wk4,1,58,10,0,1.0,hot-water_bottle_1.jpg,hot-water_bottle_1.jpg,hot-water_bottle_1.jpg,1,1.0,0.01,0.01,true,1,1,10,left,1,,false,14,false
wk4,1,59,7,3,1.0,collar_1.jpg,collar_1.jpg,collar_1.jpg,2,0.01,1.0,0.01,true,1,11,7,middle,1,,false,14,false
wk4,1,60,9,8,0.5,tiger_1.jpg,tiger_1.jpg,tiger_1.jpg,3,0.01,0.01,0.5,true,1,9,9,right,1,,false,14,false
wk4,1,61,8,7,1.0,cap_1.jpg,cap_1.jpg,cap_1.jpg,1,1.0,0.01,0.01,true,1,10,8,left,1,,false,14,false
wk4,1,62,9,2,1.0,tiger_1.jpg,tiger_1.jpg,tiger_1.jpg,3,0.01,0.01,1.0,true,1,10,9,right,1,,false,14,false
wk4,1,63,10,5,0.5,hot-water_bottle_1.jpg,hot-water_bottle_1.jpg,hot-water_bottle_1.jpg,1,0.5,0.01,0.01,true,1,2,10,left,1,,false,14,false
wk4,1,64,6,11,1.0,gingerbread_man_1.jpg,gingerbread_man_1.jpg,gingerbread_man_1.jpg,3,0.01,0.01,1.0,true,1,10,6,right,1,,false,14,false
wk4,1,65,7,6,1.0,collar_1.jpg,collar_1.jpg,collar_1.jpg,2,0.01,1.0,0.01,true,1,12,7,middle,1,,false,14,false
wk4,1,66,11,0,1.0,salami_1.jpg,salami_1.jpg,salami_1.jpg,2,0.01,1.0,0.01,true,1,1,11,middle,1,,false,14,false
wk4,1,67,11,1,1.0,salami_1.jpg,salami_1.jpg,salami_1.jpg,2,0.01,1.0,0.01,true,1,2,11,middle,1,,false,14,false
wk4,1,68,6,4,1.0,gingerbread_man_1.jpg,gingerbread_man_1.jpg,gingerbread_man_1.jpg,3,0.01,0.01,1.0,true,1,11,6,right,1,,false,14,false
wk4,1,69,8,8,0.5,cap_1.jpg,cap_1.jpg,cap_1.jpg,1,0.5,0.01,0.01,true,1,11,8,left,1,,false,14,false
wk4,1,70,10,7,1.0,hot-water_bottle_1.jpg,hot-water_bottle_1.jpg,hot-water_bottle_1.jpg,1,1.0,0.01,0.01,true,1,3,10,left,1,,false,14,false
wk4,1,71,9,9,1.0,tiger_1.jpg,tiger_1.jpg,tiger_1.jpg,3,0.01,0.01,1.0,true,1,11,9,right,1,,false,14,false
wk4,1,72,6,4,1.0,gingerbread_man_1.jpg,gingerbread_man_1.jpg,gingerbread_man_1.jpg,3,0.01,0.01,1.0,true,1,12,6,right,1,,false,14,false
wk4,1,73,12,0,1.0,tattoo_1.jpg,tattoo_1.jpg,tattoo_1.jpg,3,0.01,0.01,1.0,true,1,1,12,right,1,,false,14,false
wk4,1,74,12,1,1.0,tattoo_1.jpg,tattoo_1.jpg,tattoo_1.jpg,3,0.01,0.01,1.0,true,1,2,12,right,1,,false,14,false
wk4,1,75,10,5,1.0,hot-water_bottle_1.jpg,hot-water_bottle_1.jpg,hot-water_bottle_1.jpg,1,1.0,0.01,0.01,true,1,4,10,left,1,,false,14,false
wk4,1,76,11,9,1.0,salami_1.jpg,salami_1.jpg,salami_1.jpg,2,0.01,1.0,0.01,true,1,3,11,middle,1,,false,14,false
wk4,1,77,8,8,1.0,cap_1.jpg,cap_1.jpg,cap_1.jpg,1,1.0,0.01,0.01,true,1,12,8,left,1,,false,14,false
wk4,1,78,13,0,1.0,tulip_1.jpg,tulip_1.jpg,tulip_1.jpg,3,0.01,0.01,1.0,true,1,1,13,right,1,,false,14,false
wk4,1,79,9,8,1.0,tiger_1.jpg,tiger_1.jpg,tiger_1.jpg,3,0.01,0.01,1.0,true,1,12,9,right,1,,false,14,false
wk4,1,80,14,0,1.0,spring_roll_1.jpg,spring_roll_1.jpg,spring_roll_1.jpg,2,0.01,1.0,0.01,true,1,1,14,middle,1,,false,14,false
wk4,1,81,14,1,1.0,spring_roll_1.jpg,spring_roll_1.jpg,spring_roll_1.jpg,2,0.01,1.0,0.01,true,1,2,14,middle,1,,false,14,false
wk4,1,82,13,4,0.5,tulip_1.jpg,tulip_1.jpg,tulip_1.jpg,3,0.01,0.01,0.5,true,1,2,13,right,1,,false,14,false
wk4,1,83,13,1,1.0,tulip_1.jpg,tulip_1.jpg,tulip_1.jpg,3,0.01,0.01,1.0,true,1,3,13,right,1,,false,14,false
wk4,1,84,14,3,0.5,spring_roll_1.jpg,spring_roll_1.jpg,spring_roll_1.jpg,2,0.01,0.5,0.01,true,1,3,14,middle,1,,false,14,false
wk4,1,85,11,9,1.0,salami_1.jpg,salami_1.jpg,salami_1.jpg,2,0.01,1.0,0.01,true,1,4,11,middle,1,,false,14,false
wk4,1,86,10,11,1.0,hot-water_bottle_1.jpg,hot-water_bottle_1.jpg,hot-water_bottle_1.jpg,1,1.0,0.01,0.01,true,1,5,10,left,1,,false,14,false
wk4,1,87,13,4,1.0,tulip_1.jpg,tulip_1.jpg,tulip_1.jpg,3,0.01,0.01,1.0,true,1,4,13,right,1,,false,14,false
wk4,1,88,14,4,1.0,spring_roll_1.jpg,spring_roll_1.jpg,spring_roll_1.jpg,2,0.01,1.0,0.01,true,1,4,14,middle,1,,false,14,false
wk4,1,89,14,1,1.0,spring_roll_1.jpg,spring_roll_1.jpg,spring_roll_1.jpg,2,0.01,1.0,0.01,true,1,5,14,middle,1,,false,14,false
wk4,1,90,11,5,1.0,salami_1.jpg,salami_1.jpg,salami_1.jpg,2,0.01,1.0,0.01,true,1,5,11,middle,1,,false,14,false
wk4,1,91,10,5,1.0,hot-water_bottle_1.jpg,hot-water_bottle_1.jpg,hot-water_bottle_1.jpg,1,1.0,0.01,0.01,true,1,6,10,left,1,,false,14,false
wk4,1,92,13,5,0.5,tulip_1.jpg,tulip_1.jpg,tulip_1.jpg,3,0.01,0.01,0.5,true,1,5,13,right,1,,false,14,false
wk4,1,93,14,4,1.0,spring_roll_1.jpg,spring_roll_1.jpg,spring_roll_1.jpg,2,0.01,1.0,0.01,true,1,6,14,middle,1,,false,14,false
wk4,1,94,11,4,0.5,salami_1.jpg,salami_1.jpg,salami_1.jpg,2,0.01,0.5,0.01,true,1,6,11,middle,1,,false,14,false
wk4,1,95,14,2,0.5,spring_roll_1.jpg,spring_roll_1.jpg,spring_roll_1.jpg,2,0.01,0.5,0.01,true,1,7,14,middle,1,,false,14,false
wk4,1,96,13,4,1.0,tulip_1.jpg,tulip_1.jpg,tulip_1.jpg,3,0.01,0.01,1.0,true,1,6,13,right,1,,false,14,false
wk4,1,97,11,3,1.0,salami_1.jpg,salami_1.jpg,salami_1.jpg,2,0.01,1.0,0.01,true,1,7,11,middle,1,,false,14,false
wk4,1,98,11,1,1.0,salami_1.jpg,salami_1.jpg,salami_1.jpg,2,0.01,1.0,0.01,true,1,8,11,middle,1,,false,14,false
wk4,1,99,10,8,1.0,hot-water_bottle_1.jpg,hot-water_bottle_1.jpg,hot-water_bottle_1.jpg,1,1.0,0.01,0.01,true,1,7,10,left,1,,false,14,false
wk4,1,100,14,5,1.0,spring_roll_1.jpg,spring_roll_1.jpg,spring_roll_1.jpg,2,0.01,1.0,0.01,true,1,8,14,middle,1,,false,14,false
wk4,1,101,11,3,1.0,salami_1.jpg,salami_1.jpg,salami_1.jpg,2,0.01,1.0,0.01,true,1,9,11,middle,1,,false,14,false
wk4,1,102,14,2,1.0,spring_roll_1.jpg,spring_roll_1.jpg,spring_roll_1.jpg,2,0.01,1.0,0.01,true,1,9,14,middle,1,,false,14,false
wk4,1,103,11,2,1.0,salami_1.jpg,salami_1.jpg,salami_1.jpg,2,0.01,1.0,0.01,true,1,10,11,middle,1,,false,14,false
wk4,1,104,13,8,1.0,tulip_1.jpg,tulip_1.jpg,tulip_1.jpg,3,0.01,0.01,1.0,true,1,7,13,right,1,,false,14,false
wk4,1,105,11,2,1.0,salami_1.jpg,salami_1.jpg,salami_1.jpg,2,0.01,1.0,0.01,true,1,11,11,middle,1,,false,14,false
wk4,1,106,14,4,1.0,spring_roll_1.jpg,spring_roll_1.jpg,spring_roll_1.jpg,2,0.01,1.0,0.01,true,1,10,14,middle,1,,false,14,false
wk4,1,107,13,3,1.0,tulip_1.jpg,tulip_1.jpg,tulip_1.jpg,3,0.01,0.01,1.0,true,1,8,13,right,1,,false,14,false
wk4,1,108,11,3,0.5,salami_1.jpg,salami_1.jpg,salami_1.jpg,2,0.01,0.5,0.01,true,1,12,11,middle,1,,false,14,false
wk24,1,1,1,1,1.0,wire_1.jpg,wire_1.jpg,wire_1.jpg,1,1.0,0.01,0.01,true,1,1,1,left,1,,false,14,false
wk24,1,2,1,1,0.5,wire_1.jpg,wire_1.jpg,wire_1.jpg,1,0.5,0.01,0.01,true,1,2,1,left,1,,false,14,false
wk24,1,3,1,1,1.0,wire_1.jpg,wire_1.jpg,wire_1.jpg,1,1.0,0.01,0.01,true,1,3,1,left,1,,false,14,false
wk24,1,4,1,1,1.0,wire_1.jpg,wire_1.jpg,wire_1.jpg,1,1.0,0.01,0.01,true,1,4,1,left,1,,false,14,false
wk24,1,5,2,0,1.0,hamster_1.jpg,hamster_1.jpg,hamster_1.jpg,3,0.01,0.01,1.0,true,1,1,2,right,1,,false,14,false
wk24,1,6,3,0,0.5,boxing_gloves_1.jpg,boxing_gloves_1.jpg,boxing_gloves_1.jpg,1,0.5,0.01,0.01,true,1,1,3,left,1,,false,14,false
wk24,1,7,3,1,1.0,boxing_gloves_1.jpg,boxing_gloves_1.jpg,boxing_gloves_1.jpg,1,1.0,0.01,0.01,true,1,2,3,left,1,,false,14,false
wk24,1,8,4,0,1.0,pinwheel_1.jpg,pinwheel_1.jpg,pinwheel_1.jpg,2,0.01,1.0,0.01,true,1,1,4,middle,1,,false,14,false
wk24,1,9,2,4,1.0,hamster_1.jpg,hamster_1.jpg,hamster_1.jpg,3,0.01,0.01,1.0,true,1,2,2,right,1,,false,14,false
wk24,1,10,5,0,1.0,bin_1.jpg,bin_1.jpg,bin_1.jpg,1,1.0,0.01,0.01,true,1,1,5,left,1,,false,14,false
wk24,1,11,6,0,1.0,float_1.jpg,float_1.jpg,float_1.jpg,2,0.01,1.0,0.01,true,1,1,6,middle,1,,false,14,false
wk24,1,12,3,5,1.0,boxing_gloves_1.jpg,boxing_gloves_1.jpg,boxing_gloves_1.jpg,1,1.0,0.01,0.01,true,1,3,3,left,1,,false,14,false
wk24,1,13,7,0,1.0,macaroni_1.jpg,macaroni_1.jpg,macaroni_1.jpg,2,0.01,1.0,0.01,true,1,1,7,middle,1,,false,14,false
wk24,1,14,4,6,1.0,pinwheel_1.jpg,pinwheel_1.jpg,pinwheel_1.jpg,2,0.01,1.0,0.01,true,1,2,4,middle,1,,false,14,false
wk24,1,15,8,0,1.0,step_stool_1.jpg,step_stool_1.jpg,step_stool_1.jpg,1,1.0,0.01,0.01,true,1,1,8,left,1,,false,14,false
wk24,1,16,9,0,1.0,chopsticks_1.jpg,chopsticks_1.jpg,chopsticks_1.jpg,3,0.01,0.01,1.0,true,1,1,9,right,1,,false,14,false
wk24,1,17,6,6,0.5,float_1.jpg,float_1.jpg,float_1.jpg,2,0.01,0.5,0.01,true,1,2,6,middle,1,,false,14,false
wk24,1,18,8,3,1.0,step_stool_1.jpg,step_stool_1.jpg,step_stool_1.jpg,1,1.0,0.01,0.01,true,1,2,8,left,1,,false,14,false
wk24,1,19,3,7,1.0,boxing_gloves_1.jpg,boxing_gloves_1.jpg,boxing_gloves_1.jpg,1,1.0,0.01,0.01,true,1,4,3,left,1,,false,14,false
wk24,1,20,6,3,1.0,float_1.jpg,float_1.jpg,float_1.jpg,2,0.01,1.0,0.01,true,1,3,6,middle,1,,false,14,false
wk24,1,21,9,5,1.0,chopsticks_1.jpg,chopsticks_1.jpg,chopsticks_1.jpg,3,0.01,0.01,1.0,true,1,2,9,right,1,,false,14,false
wk24,1,22,7,9,1.0,macaroni_1.jpg,macaroni_1.jpg,macaroni_1.jpg,2,0.01,1.0,0.01,true,1,2,7,middle,1,,false,14,false
wk24,1,23,8,5,1.0,step_stool_1.jpg,step_stool_1.jpg,step_stool_1.jpg,1,1.0,0.01,0.01,true,1,3,8,left,1,,false,14,false
wk24,1,24,6,4,1.0,float_1.jpg,float_1.jpg,float_1.jpg,2,0.01,1.0,0.01,true,1,4,6,middle,1,,false,14,false
wk24,1,25,7,3,0.5,macaroni_1.jpg,macaroni_1.jpg,macaroni_1.jpg,2,0.01,0.5,0.01,true,1,3,7,middle,1,,false,14,false
wk24,1,26,9,5,1.0,chopsticks_1.jpg,chopsticks_1.jpg,chopsticks_1.jpg,3,0.01,0.01,1.0,true,1,3,9,right,1,,false,14,false
wk24,1,27,8,4,1.0,step_stool_1.jpg,step_stool_1.jpg,step_stool_1.jpg,1,1.0,0.01,0.01,true,1,4,8,left,1,,false,14,false
wk24,1,28,9,2,0.5,chopsticks_1.jpg,chopsticks_1.jpg,chopsticks_1.jpg,3,0.01,0.01,0.5,true,1,4,9,right,1,,false,14,false
wk24,1,29,6,5,1.0,float_1.jpg,float_1.jpg,float_1.jpg,2,0.01,1.0,0.01,true,1,5,6,middle,1,,false,14,false
wk24,1,30,3,11,1.0,boxing_gloves_1.jpg,boxing_gloves_1.jpg,boxing_gloves_1.jpg,1,1.0,0.01,0.01,true,1,5,3,left,1,,false,14,false
wk24,1,31,7,6,1.0,macaroni_1.jpg,macaroni_1.jpg,macaroni_1.jpg,2,0.01,1.0,0.01,true,1,4,7,middle,1,,false,14,false
wk24,1,32,8,5,1.0,step_stool_1.jpg,step_stool_1.jpg,step_stool_1.jpg,1,1.0,0.01,0.01,true,1,5,8,left,1,,false,14,false
wk24,1,33,7,2,0.5,macaroni_1.jpg,macaroni_1.jpg,macaroni_1.jpg,2,0.01,0.5,0.01,true,1,5,7,middle,1,,false,14,false
wk24,1,34,9,6,1.0,chopsticks_1.jpg,chopsticks_1.jpg,chopsticks_1.jpg,3,0.01,0.01,1.0,true,1,5,9,right,1,,false,14,false
wk24,1,35,6,6,0.5,float_1.jpg,float_1.jpg,float_1.jpg,2,0.01,0.5,0.01,true,1,6,6,middle,1,,false,14,false
wk24,1,36,3,6,1.0,boxing_gloves_1.jpg,boxing_gloves_1.jpg,boxing_gloves_1.jpg,1,1.0,0.01,0.01,true,1,6,3,left,1,,false,14,false
wk24,1,37,3,1,0.5,boxing_gloves_1.jpg,boxing_gloves_1.jpg,boxing_gloves_1.jpg,1,0.5,0.01,0.01,true,1,7,3,left,1,,false,14,false
wk24,1,38,8,6,1.0,step_stool_1.jpg,step_stool_1.jpg,step_stool_1.jpg,1,1.0,0.01,0.01,true,1,6,8,left,1,,false,14,false
wk24,1,39,3,2,1.0,boxing_gloves_1.jpg,boxing_gloves_1.jpg,boxing_gloves_1.jpg,1,1.0,0.01,0.01,true,1,8,3,left,1,,false,14,false
wk24,1,40,8,2,1.0,step_stool_1.jpg,step_stool_1.jpg,step_stool_1.jpg,1,1.0,0.01,0.01,true,1,7,8,left,1,,false,14,false
wk24,1,41,7,8,1.0,macaroni_1.jpg,macaroni_1.jpg,macaroni_1.jpg,2,0.01,1.0,0.01,true,1,6,7,middle,1,,false,14,false
wk24,1,42,3,3,1.0,boxing_gloves_1.jpg,boxing_gloves_1.jpg,boxing_gloves_1.jpg,1,1.0,0.01,0.01,true,1,9,3,left,1,,false,14,false
wk24,1,43,9,9,1.0,chopsticks_1.jpg,chopsticks_1.jpg,chopsticks_1.jpg,3,0.01,0.01,1.0,true,1,6,9,right,1,,false,14,false
wk24,1,44,6,9,1.0,float_1.jpg,float_1.jpg,float_1.jpg,2,0.01,1.0,0.01,true,1,7,6,middle,1,,false,14,false
wk24,1,45,9,2,1.0,chopsticks_1.jpg,chopsticks_1.jpg,chopsticks_1.jpg,3,0.01,0.01,1.0,true,1,7,9,right,1,,false,14,false
wk24,1,46,8,6,1.0,step_stool_1.jpg,step_stool_1.jpg,step_stool_1.jpg,1,1.0,0.01,0.01,true,1,8,8,left,1,,false,14,false
wk24,1,47,7,6,1.0,macaroni_1.jpg,macaroni_1.jpg,macaroni_1.jpg,2,0.01,1.0,0.01,true,1,7,7,middle,1,,false,14,false
wk24,1,48,3,6,1.0,boxing_gloves_1.jpg,boxing_gloves_1.jpg,boxing_gloves_1.jpg,1,1.0,0.01,0.01,true,1,10,3,left,1,,false,14,false
wk24,1,49,7,2,1.0,macaroni_1.jpg,macaroni_1.jpg,macaroni_1.jpg,2,0.01,1.0,0.01,true,1,8,7,middle,1,,false,14,false
wk24,1,50,3,2,1.0,boxing_gloves_1.jpg,boxing_gloves_1.jpg,boxing_gloves_1.jpg,1,1.0,0.01,0.01,true,1,11,3,left,1,,false,14,false
wk24,1,51,6,7,1.0,float_1.jpg,float_1.jpg,float_1.jpg,2,0.01,1.0,0.01,true,1,8,6,middle,1,,false,14,false
wk24,1,52,9,7,1.0,chopsticks_1.jpg,chopsticks_1.jpg,chopsticks_1.jpg,3,0.01,0.01,1.0,true,1,8,9,right,1,,false,14,false
wk24,1,53,6,2,1.0,float_1.jpg,float_1.jpg,float_1.jpg,2,0.01,1.0,0.01,true,1,9,6,middle,1,,false,14,false
wk24,1,54,8,8,0.5,step_stool_1.jpg,step_stool_1.jpg,step_stool_1.jpg,1,0.5,0.01,0.01,true,1,9,8,left,1,,false,14,false
wk24,1,55,7,6,1.0,macaroni_1.jpg,macaroni_1.jpg,macaroni_1.jpg,2,0.01,1.0,0.01,true,1,9,7,middle,1,,false,14,false
wk24,1,56,7,1,1.0,macaroni_1.jpg,macaroni_1.jpg,macaroni_1.jpg,2,0.01,1.0,0.01,true,1,10,7,middle,1,,false,14,false
wk24,1,57,3,7,1.0,boxing_gloves_1.jpg,boxing_gloves_1.jpg,boxing_gloves_1.jpg,1,1.0,0.01,0.01,true,1,12,3,left,1,,false,14,false
wk24,1,58,10,0,1.0,refrigerator_1.jpg,refrigerator_1.jpg,refrigerator_1.jpg,1,1.0,0.01,0.01,true,1,1,10,left,1,,false,14,false
wk24,1,59,7,3,1.0,macaroni_1.jpg,macaroni_1.jpg,macaroni_1.jpg,2,0.01,1.0,0.01,true,1,11,7,middle,1,,false,14,false
wk24,1,60,9,8,0.5,chopsticks_1.jpg,chopsticks_1.jpg,chopsticks_1.jpg,3,0.01,0.01,0.5,true,1,9,9,right,1,,false,14,false
wk24,1,61,8,7,1.0,step_stool_1.jpg,step_stool_1.jpg,step_stool_1.jpg,1,1.0,0.01,0.01,true,1,10,8,left,1,,false,14,false
wk24,1,62,9,2,1.0,chopsticks_1.jpg,chopsticks_1.jpg,chopsticks_1.jpg,3,0.01,0.01,1.0,true,1,10,9,right,1,,false,14,false
wk24,1,63,10,5,0.5,refrigerator_1.jpg,refrigerator_1.jpg,refrigerator_1.jpg,1,0.5,0.01,0.01,true,1,2,10,left,1,,false,14,false
wk24,1,64,6,11,1.0,float_1.jpg,float_1.jpg,float_1.jpg,2,0.01,1.0,0.01,true,1,10,6,middle,1,,false,14,false
wk24,1,65,7,6,1.0,macaroni_1.jpg,macaroni_1.jpg,macaroni_1.jpg,2,0.01,1.0,0.01,true,1,12,7,middle,1,,false,14,false
wk24,1,66,11,0,1.0,pizza_1.jpg,pizza_1.jpg,pizza_1.jpg,3,0.01,0.01,1.0,true,1,1,11,right,1,,false,14,false
wk24,1,67,11,1,1.0,pizza_1.jpg,pizza_1.jpg,pizza_1.jpg,3,0.01,0.01,1.0,true,1,2,11,right,1,,false,14,false
wk24,1,68,6,4,1.0,float_1.jpg,float_1.jpg,float_1.jpg,2,0.01,1.0,0.01,true,1,11,6,middle,1,,false,14,false
wk24,1,69,8,8,0.5,step_stool_1.jpg,step_stool_1.jpg,step_stool_1.jpg,1,0.5,0.01,0.01,true,1,11,8,left,1,,false,14,false
wk24,1,70,10,7,1.0,refrigerator_1.jpg,refrigerator_1.jpg,refrigerator_1.jpg,1,1.0,0.01,0.01,true,1,3,10,left,1,,false,14,false
wk24,1,71,9,9,1.0,chopsticks_1.jpg,chopsticks_1.jpg,chopsticks_1.jpg,3,0.01,0.01,1.0,true,1,11,9,right,1,,false,14,false
wk24,1,72,6,4,1.0,float_1.jpg,float_1.jpg,float_1.jpg,2,0.01,1.0,0.01,true,1,12,6,middle,1,,false,14,false
wk24,1,73,12,0,1.0,corn_1.jpg,corn_1.jpg,corn_1.jpg,3,0.01,0.01,1.0,true,1,1,12,right,1,,false,14,false
wk24,1,74,12,1,1.0,corn_1.jpg,corn_1.jpg,corn_1.jpg,3,0.01,0.01,1.0,true,1,2,12,right,1,,false,14,false
wk24,1,75,10,5,1.0,refrigerator_1.jpg,refrigerator_1.jpg,refrigerator_1.jpg,1,1.0,0.01,0.01,true,1,4,10,left,1,,false,14,false
wk24,1,76,11,9,1.0,pizza_1.jpg,pizza_1.jpg,pizza_1.jpg,3,0.01,0.01,1.0,true,1,3,11,right,1,,false,14,false
wk24,1,77,8,8,1.0,step_stool_1.jpg,step_stool_1.jpg,step_stool_1.jpg,1,1.0,0.01,0.01,true,1,12,8,left,1,,false,14,false
wk24,1,78,13,0,1.0,hobbyhorse_1.jpg,hobbyhorse_1.jpg,hobbyhorse_1.jpg,3,0.01,0.01,1.0,true,1,1,13,right,1,,false,14,false
wk24,1,79,9,8,1.0,chopsticks_1.jpg,chopsticks_1.jpg,chopsticks_1.jpg,3,0.01,0.01,1.0,true,1,12,9,right,1,,false,14,false
wk24,1,80,14,0,1.0,ruby_1.jpg,ruby_1.jpg,ruby_1.jpg,2,0.01,1.0,0.01,true,1,1,14,middle,1,,false,14,false
wk24,1,81,14,1,1.0,ruby_1.jpg,ruby_1.jpg,ruby_1.jpg,2,0.01,1.0,0.01,true,1,2,14,middle,1,,false,14,false
wk24,1,82,13,4,0.5,hobbyhorse_1.jpg,hobbyhorse_1.jpg,hobbyhorse_1.jpg,3,0.01,0.01,0.5,true,1,2,13,right,1,,false,14,false
wk24,1,83,13,1,1.0,hobbyhorse_1.jpg,hobbyhorse_1.jpg,hobbyhorse_1.jpg,3,0.01,0.01,1.0,true,1,3,13,right,1,,false,14,false
wk24,1,84,14,3,0.5,ruby_1.jpg,ruby_1.jpg,ruby_1.jpg,2,0.01,0.5,0.01,true,1,3,14,middle,1,,false,14,false
wk24,1,85,11,9,1.0,pizza_1.jpg,pizza_1.jpg,pizza_1.jpg,3,0.01,0.01,1.0,true,1,4,11,right,1,,false,14,false
wk24,1,86,10,11,1.0,refrigerator_1.jpg,refrigerator_1.jpg,refrigerator_1.jpg,1,1.0,0.01,0.01,true,1,5,10,left,1,,false,14,false
wk24,1,87,13,4,1.0,hobbyhorse_1.jpg,hobbyhorse_1.jpg,hobbyhorse_1.jpg,3,0.01,0.01,1.0,true,1,4,13,right,1,,false,14,false
wk24,1,88,14,4,1.0,ruby_1.jpg,ruby_1.jpg,ruby_1.jpg,2,0.01,1.0,0.01,true,1,4,14,middle,1,,false,14,false
wk24,1,89,14,1,1.0,ruby_1.jpg,ruby_1.jpg,ruby_1.jpg,2,0.01,1.0,0.01,true,1,5,14,middle,1,,false,14,false
wk24,1,90,11,5,1.0,pizza_1.jpg,pizza_1.jpg,pizza_1.jpg,3,0.01,0.01,1.0,true,1,5,11,right,1,,false,14,false
wk24,1,91,10,5,1.0,refrigerator_1.jpg,refrigerator_1.jpg,refrigerator_1.jpg,1,1.0,0.01,0.01,true,1,6,10,left,1,,false,14,false
wk24,1,92,13,5,0.5,hobbyhorse_1.jpg,hobbyhorse_1.jpg,hobbyhorse_1.jpg,3,0.01,0.01,0.5,true,1,5,13,right,1,,false,14,false
wk24,1,93,14,4,1.0,ruby_1.jpg,ruby_1.jpg,ruby_1.jpg,2,0.01,1.0,0.01,true,1,6,14,middle,1,,false,14,false
wk24,1,94,11,4,0.5,pizza_1.jpg,pizza_1.jpg,pizza_1.jpg,3,0.01,0.01,0.5,true,1,6,11,right,1,,false,14,false
wk24,1,95,14,2,0.5,ruby_1.jpg,ruby_1.jpg,ruby_1.jpg,2,0.01,0.5,0.01,true,1,7,14,middle,1,,false,14,false
wk24,1,96,13,4,1.0,hobbyhorse_1.jpg,hobbyhorse_1.jpg,hobbyhorse_1.jpg,3,0.01,0.01,1.0,true,1,6,13,right,1,,false,14,false
wk24,1,97,11,3,1.0,pizza_1.jpg,pizza_1.jpg,pizza_1.jpg,3,0.01,0.01,1.0,true,1,7,11,right,1,,false,14,false
wk24,1,98,11,1,1.0,pizza_1.jpg,pizza_1.jpg,pizza_1.jpg,3,0.01,0.01,1.0,true,1,8,11,right,1,,false,14,false
wk24,1,99,10,8,1.0,refrigerator_1.jpg,refrigerator_1.jpg,refrigerator_1.jpg,1,1.0,0.01,0.01,true,1,7,10,left,1,,false,14,false
wk24,1,100,14,5,1.0,ruby_1.jpg,ruby_1.jpg,ruby_1.jpg,2,0.01,1.0,0.01,true,1,8,14,middle,1,,false,14,false
wk24,1,101,11,3,1.0,pizza_1.jpg,pizza_1.jpg,pizza_1.jpg,3,0.01,0.01,1.0,true,1,9,11,right,1,,false,14,false
wk24,1,102,14,2,1.0,ruby_1.jpg,ruby_1.jpg,ruby_1.jpg,2,0.01,1.0,0.01,true,1,9,14,middle,1,,false,14,false
wk24,1,103,11,2,1.0,pizza_1.jpg,pizza_1.jpg,pizza_1.jpg,3,0.01,0.01,1.0,true,1,10,11,right,1,,false,14,false
wk24,1,104,13,8,1.0,hobbyhorse_1.jpg,hobbyhorse_1.jpg,hobbyhorse_1.jpg,3,0.01,0.01,1.0,true,1,7,13,right,1,,false,14,false
wk24,1,105,11,2,1.0,pizza_1.jpg,pizza_1.jpg,pizza_1.jpg,3,0.01,0.01,1.0,true,1,11,11,right,1,,false,14,false
wk24,1,106,14,4,1.0,ruby_1.jpg,ruby_1.jpg,ruby_1.jpg,2,0.01,1.0,0.01,true,1,10,14,middle,1,,false,14,false
wk24,1,107,13,3,1.0,hobbyhorse_1.jpg,hobbyhorse_1.jpg,hobbyhorse_1.jpg,3,0.01,0.01,1.0,true,1,8,13,right,1,,false,14,false
wk24,1,108,11,3,0.5,pizza_1.jpg,pizza_1.jpg,pizza_1.jpg,3,0.01,0.01,0.5,true,1,12,11,right,1,,false,14,false
wk28,1,1,1,1,1.0,tack_1.jpg,tack_1.jpg,tack_1.jpg,1,1.0,0.01,0.01,true,1,1,1,left,1,,false,14,false
wk28,1,2,1,1,0.5,tack_1.jpg,tack_1.jpg,tack_1.jpg,1,0.5,0.01,0.01,true,1,2,1,left,1,,false,14,false
wk28,1,3,1,1,1.0,tack_1.jpg,tack_1.jpg,tack_1.jpg,1,1.0,0.01,0.01,true,1,3,1,left,1,,false,14,false
wk28,1,4,1,1,1.0,tack_1.jpg,tack_1.jpg,tack_1.jpg,1,1.0,0.01,0.01,true,1,4,1,left,1,,false,14,false
wk28,1,5,2,0,1.0,sequin_1.jpg,sequin_1.jpg,sequin_1.jpg,2,0.01,1.0,0.01,true,1,1,2,middle,1,,false,14,false
wk28,1,6,3,0,0.5,apple_1.jpg,apple_1.jpg,apple_1.jpg,3,0.01,0.01,0.5,true,1,1,3,right,1,,false,14,false
wk28,1,7,3,1,1.0,apple_1.jpg,apple_1.jpg,apple_1.jpg,3,0.01,0.01,1.0,true,1,2,3,right,1,,false,14,false
wk28,1,8,4,0,1.0,peppermint_1.jpg,peppermint_1.jpg,peppermint_1.jpg,3,0.01,0.01,1.0,true,1,1,4,right,1,,false,14,false
wk28,1,9,2,4,1.0,sequin_1.jpg,sequin_1.jpg,sequin_1.jpg,2,0.01,1.0,0.01,true,1,2,2,middle,1,,false,14,false
wk28,1,10,5,0,1.0,caramel_1.jpg,caramel_1.jpg,caramel_1.jpg,1,1.0,0.01,0.01,true,1,1,5,left,1,,false,14,false
wk28,1,11,6,0,1.0,clay_1.jpg,clay_1.jpg,clay_1.jpg,1,1.0,0.01,0.01,true,1,1,6,left,1,,false,14,false
wk28,1,12,3,5,1.0,apple_1.jpg,apple_1.jpg,apple_1.jpg,3,0.01,0.01,1.0,true,1,3,3,right,1,,false,14,false
wk28,1,13,7,0,1.0,smoke_alarm_1.jpg,smoke_alarm_1.jpg,smoke_alarm_1.jpg,2,0.01,1.0,0.01,true,1,1,7,middle,1,,false,14,false
wk28,1,14,4,6,1.0,peppermint_1.jpg,peppermint_1.jpg,peppermint_1.jpg,3,0.01,0.01,1.0,true,1,2,4,right,1,,false,14,false
wk28,1,15,8,0,1.0,cracker_1.jpg,cracker_1.jpg,cracker_1.jpg,3,0.01,0.01,1.0,true,1,1,8,right,1,,false,14,false
wk28,1,16,9,0,1.0,toucan_1.jpg,toucan_1.jpg,toucan_1.jpg,1,1.0,0.01,0.01,true,1,1,9,left,1,,false,14,false
wk28,1,17,6,6,0.5,clay_1.jpg,clay_1.jpg,clay_1.jpg,1,0.5,0.01,0.01,true,1,2,6,left,1,,false,14,false
wk28,1,18,8,3,1.0,cracker_1.jpg,cracker_1.jpg,cracker_1.jpg,3,0.01,0.01,1.0,true,1,2,8,right,1,,false,14,false
wk28,1,19,3,7,1.0,apple_1.jpg,apple_1.jpg,apple_1.jpg,3,0.01,0.01,1.0,true,1,4,3,right,1,,false,14,false
wk28,1,20,6,3,1.0,clay_1.jpg,clay_1.jpg,clay_1.jpg,1,1.0,0.01,0.01,true,1,3,6,left,1,,false,14,false
wk28,1,21,9,5,1.0,toucan_1.jpg,toucan_1.jpg,toucan_1.jpg,1,1.0,0.01,0.01,true,1,2,9,left,1,,false,14,false
wk28,1,22,7,9,1.0,smoke_alarm_1.jpg,smoke_alarm_1.jpg,smoke_alarm_1.jpg,2,0.01,1.0,0.01,true,1,2,7,middle,1,,false,14,false
wk28,1,23,8,5,1.0,cracker_1.jpg,cracker_1.jpg,cracker_1.jpg,3,0.01,0.01,1.0,true,1,3,8,right,1,,false,14,false
wk28,1,24,6,4,1.0,clay_1.jpg,clay_1.jpg,clay_1.jpg,1,1.0,0.01,0.01,true,1,4,6,left,1,,false,14,false
wk28,1,25,7,3,0.5,smoke_alarm_1.jpg,smoke_alarm_1.jpg,smoke_alarm_1.jpg,2,0.01,0.5,0.01,true,1,3,7,middle,1,,false,14,false
wk28,1,26,9,5,1.0,toucan_1.jpg,toucan_1.jpg,toucan_1.jpg,1,1.0,0.01,0.01,true,1,3,9,left,1,,false,14,false
wk28,1,27,8,4,1.0,cracker_1.jpg,cracker_1.jpg,cracker_1.jpg,3,0.01,0.01,1.0,true,1,4,8,right,1,,false,14,false
wk28,1,28,9,2,0.5,toucan_1.jpg,toucan_1.jpg,toucan_1.jpg,1,0.5,0.01,0.01,true,1,4,9,left,1,,false,14,false
wk28,1,29,6,5,1.0,clay_1.jpg,clay_1.jpg,clay_1.jpg,1,1.0,0.01,0.01,true,1,5,6,left,1,,false,14,false
wk28,1,30,3,11,1.0,apple_1.jpg,apple_1.jpg,apple_1.jpg,3,0.01,0.01,1.0,true,1,5,3,right,1,,false,14,false
wk28,1,31,7,6,1.0,smoke_alarm_1.jpg,smoke_alarm_1.jpg,smoke_alarm_1.jpg,2,0.01,1.0,0.01,true,1,4,7,middle,1,,false,14,false
wk28,1,32,8,5,1.0,cracker_1.jpg,cracker_1.jpg,cracker_1.jpg,3,0.01,0.01,1.0,true,1,5,8,right,1,,false,14,false
wk28,1,33,7,2,0.5,smoke_alarm_1.jpg,smoke_alarm_1.jpg,smoke_alarm_1.jpg,2,0.01,0.5,0.01,true,1,5,7,middle,1,,false,14,false
wk28,1,34,9,6,1.0,toucan_1.jpg,toucan_1.jpg,toucan_1.jpg,1,1.0,0.01,0.01,true,1,5,9,left,1,,false,14,false
wk28,1,35,6,6,0.5,clay_1.jpg,clay_1.jpg,clay_1.jpg,1,0.5,0.01,0.01,true,1,6,6,left,1,,false,14,false
wk28,1,36,3,6,1.0,apple_1.jpg,apple_1.jpg,apple_1.jpg,3,0.01,0.01,1.0,true,1,6,3,right,1,,false,14,false
wk28,1,37,3,1,0.5,apple_1.jpg,apple_1.jpg,apple_1.jpg,3,0.01,0.01,0.5,true,1,7,3,right,1,,false,14,false
wk28,1,38,8,6,1.0,cracker_1.jpg,cracker_1.jpg,cracker_1.jpg,3,0.01,0.01,1.0,true,1,6,8,right,1,,false,14,false
wk28,1,39,3,2,1.0,apple_1.jpg,apple_1.jpg,apple_1.jpg,3,0.01,0.01,1.0,true,1,8,3,right,1,,false,14,false
wk28,1,40,8,2,1.0,cracker_1.jpg,cracker_1.jpg,cracker_1.jpg,3,0.01,0.01,1.0,true,1,7,8,right,1,,false,14,false
wk28,1,41,7,8,1.0,smoke_alarm_1.jpg,smoke_alarm_1.jpg,smoke_alarm_1.jpg,2,0.01,1.0,0.01,true,1,6,7,middle,1,,false,14,false
wk28,1,42,3,3,1.0,apple_1.jpg,apple_1.jpg,apple_1.jpg,3,0.01,0.01,1.0,true,1,9,3,right,1,,false,14,false
wk28,1,43,9,9,1.0,toucan_1.jpg,toucan_1.jpg,toucan_1.jpg,1,1.0,0.01,0.01,true,1,6,9,left,1,,false,14,false
wk28,1,44,6,9,1.0,clay_1.jpg,clay_1.jpg,clay_1.jpg,1,1.0,0.01,0.01,true,1,7,6,left,1,,false,14,false
wk28,1,45,9,2,1.0,toucan_1.jpg,toucan_1.jpg,toucan_1.jpg,1,1.0,0.01,0.01,true,1,7,9,left,1,,false,14,false
wk28,1,46,8,6,1.0,cracker_1.jpg,cracker_1.jpg,cracker_1.jpg,3,0.01,0.01,1.0,true,1,8,8,right,1,,false,14,false
wk28,1,47,7,6,1.0,smoke_alarm_1.jpg,smoke_alarm_1.jpg,smoke_alarm_1.jpg,2,0.01,1.0,0.01,true,1,7,7,middle,1,,false,14,false
wk28,1,48,3,6,1.0,apple_1.jpg,apple_1.jpg,apple_1.jpg,3,0.01,0.01,1.0,true,1,10,3,right,1,,false,14,false
wk28,1,49,7,2,1.0,smoke_alarm_1.jpg,smoke_alarm_1.jpg,smoke_alarm_1.jpg,2,0.01,1.0,0.01,true,1,8,7,middle,1,,false,14,false
wk28,1,50,3,2,1.0,apple_1.jpg,apple_1.jpg,apple_1.jpg,3,0.01,0.01,1.0,true,1,11,3,right,1,,false,14,false
wk28,1,51,6,7,1.0,clay_1.jpg,clay_1.jpg,clay_1.jpg,1,1.0,0.01,0.01,true,1,8,6,left,1,,false,14,false
wk28,1,52,9,7,1.0,toucan_1.jpg,toucan_1.jpg,toucan_1.jpg,1,1.0,0.01,0.01,true,1,8,9,left,1,,false,14,false
wk28,1,53,6,2,1.0,clay_1.jpg,clay_1.jpg,clay_1.jpg,1,1.0,0.01,0.01,true,1,9,6,left,1,,false,14,false
wk28,1,54,8,8,0.5,cracker_1.jpg,cracker_1.jpg,cracker_1.jpg,3,0.01,0.01,0.5,true,1,9,8,right,1,,false,14,false
wk28,1,55,7,6,1.0,smoke_alarm_1.jpg,smoke_alarm_1.jpg,smoke_alarm_1.jpg,2,0.01,1.0,0.01,true,1,9,7,middle,1,,false,14,false
wk28,1,56,7,1,1.0,smoke_alarm_1.jpg,smoke_alarm_1.jpg,smoke_alarm_1.jpg,2,0.01,1.0,0.01,true,1,10,7,middle,1,,false,14,false
wk28,1,57,3,7,1.0,apple_1.jpg,apple_1.jpg,apple_1.jpg,3,0.01,0.01,1.0,true,1,12,3,right,1,,false,14,false
wk28,1,58,10,0,1.0,highlighter_1.jpg,highlighter_1.jpg,highlighter_1.jpg,1,1.0,0.01,0.01,true,1,1,10,left,1,,false,14,false
wk28,1,59,7,3,1.0,smoke_alarm_1.jpg,smoke_alarm_1.jpg,smoke_alarm_1.jpg,2,0.01,1.0,0.01,true,1,11,7,middle,1,,false,14,false
wk28,1,60,9,8,0.5,toucan_1.jpg,toucan_1.jpg,toucan_1.jpg,1,0.5,0.01,0.01,true,1,9,9,left,1,,false,14,false
wk28,1,61,8,7,1.0,cracker_1.jpg,cracker_1.jpg,cracker_1.jpg,3,0.01,0.01,1.0,true,1,10,8,right,1,,false,14,false
wk28,1,62,9,2,1.0,toucan_1.jpg,toucan_1.jpg,toucan_1.jpg,1,1.0,0.01,0.01,true,1,10,9,left,1,,false,14,false
wk28,1,63,10,5,0.5,highlighter_1.jpg,highlighter_1.jpg,highlighter_1.jpg,1,0.5,0.01,0.01,true,1,2,10,left,1,,false,14,false
wk28,1,64,6,11,1.0,clay_1.jpg,clay_1.jpg,clay_1.jpg,1,1.0,0.01,0.01,true,1,10,6,left,1,,false,14,false
wk28,1,65,7,6,1.0,smoke_alarm_1.jpg,smoke_alarm_1.jpg,smoke_alarm_1.jpg,2,0.01,1.0,0.01,true,1,12,7,middle,1,,false,14,false
wk28,1,66,11,0,1.0,pig_1.jpg,pig_1.jpg,pig_1.jpg,2,0.01,1.0,0.01,true,1,1,11,middle,1,,false,14,false
wk28,1,67,11,1,1.0,pig_1.jpg,pig_1.jpg,pig_1.jpg,2,0.01,1.0,0.01,true,1,2,11,middle,1,,false,14,false
wk28,1,68,6,4,1.0,clay_1.jpg,clay_1.jpg,clay_1.jpg,1,1.0,0.01,0.01,true,1,11,6,left,1,,false,14,false
wk28,1,69,8,8,0.5,cracker_1.jpg,cracker_1.jpg,cracker_1.jpg,3,0.01,0.01,0.5,true,1,11,8,right,1,,false,14,false
wk28,1,70,10,7,1.0,highlighter_1.jpg,highlighter_1.jpg,highlighter_1.jpg,1,1.0,0.01,0.01,true,1,3,10,left,1,,false,14,false
wk28,1,71,9,9,1.0,toucan_1.jpg,toucan_1.jpg,toucan_1.jpg,1,1.0,0.01,0.01,true,1,11,9,left,1,,false,14,false
wk28,1,72,6,4,1.0,clay_1.jpg,clay_1.jpg,clay_1.jpg,1,1.0,0.01,0.01,true,1,12,6,left,1,,false,14,false
wk28,1,73,12,0,1.0,bologna_1.jpg,bologna_1.jpg,bologna_1.jpg,3,0.01,0.01,1.0,true,1,1,12,right,1,,false,14,false
wk28,1,74,12,1,1.0,bologna_1.jpg,bologna_1.jpg,bologna_1.jpg,3,0.01,0.01,1.0,true,1,2,12,right,1,,false,14,false
wk28,1,75,10,5,1.0,highlighter_1.jpg,highlighter_1.jpg,highlighter_1.jpg,1,1.0,0.01,0.01,true,1,4,10,left,1,,false,14,false
wk28,1,76,11,9,1.0,pig_1.jpg,pig_1.jpg,pig_1.jpg,2,0.01,1.0,0.01,true,1,3,11,middle,1,,false,14,false
wk28,1,77,8,8,1.0,cracker_1.jpg,cracker_1.jpg,cracker_1.jpg,3,0.01,0.01,1.0,true,1,12,8,right,1,,false,14,false
wk28,1,78,13,0,1.0,taco_1.jpg,taco_1.jpg,taco_1.jpg,3,0.01,0.01,1.0,true,1,1,13,right,1,,false,14,false
wk28,1,79,9,8,1.0,toucan_1.jpg,toucan_1.jpg,toucan_1.jpg,1,1.0,0.01,0.01,true,1,12,9,left,1,,false,14,false
wk28,1,80,14,0,1.0,glue_1.jpg,glue_1.jpg,glue_1.jpg,2,0.01,1.0,0.01,true,1,1,14,middle,1,,false,14,false
wk28,1,81,14,1,1.0,glue_1.jpg,glue_1.jpg,glue_1.jpg,2,0.01,1.0,0.01,true,1,2,14,middle,1,,false,14,false
wk28,1,82,13,4,0.5,taco_1.jpg,taco_1.jpg,taco_1.jpg,3,0.01,0.01,0.5,true,1,2,13,right,1,,false,14,false
wk28,1,83,13,1,1.0,taco_1.jpg,taco_1.jpg,taco_1.jpg,3,0.01,0.01,1.0,true,1,3,13,right,1,,false,14,false
wk28,1,84,14,3,0.5,glue_1.jpg,glue_1.jpg,glue_1.jpg,2,0.01,0.5,0.01,true,1,3,14,middle,1,,false,14,false
wk28,1,85,11,9,1.0,pig_1.jpg,pig_1.jpg,pig_1.jpg,2,0.01,1.0,0.01,true,1,4,11,middle,1,,false,14,false
wk28,1,86,10,11,1.0,highlighter_1.jpg,highlighter_1.jpg,highlighter_1.jpg,1,1.0,0.01,0.01,true,1,5,10,left,1,,false,14,false
wk28,1,87,13,4,1.0,taco_1.jpg,taco_1.jpg,taco_1.jpg,3,0.01,0.01,1.0,true,1,4,13,right,1,,false,14,false
wk28,1,88,14,4,1.0,glue_1.jpg,glue_1.jpg,glue_1.jpg,2,0.01,1.0,0.01,true,1,4,14,middle,1,,false,14,false
wk28,1,89,14,1,1.0,glue_1.jpg,glue_1.jpg,glue_1.jpg,2,0.01,1.0,0.01,true,1,5,14,middle,1,,false,14,false
wk28,1,90,11,5,1.0,pig_1.jpg,pig_1.jpg,pig_1.jpg,2,0.01,1.0,0.01,true,1,5,11,middle,1,,false,14,false
wk28,1,91,10,5,1.0,highlighter_1.jpg,highlighter_1.jpg,highlighter_1.jpg,1,1.0,0.01,0.01,true,1,6,10,left,1,,false,14,false
wk28,1,92,13,5,0.5,taco_1.jpg,taco_1.jpg,taco_1.jpg,3,0.01,0.01,0.5,true,1,5,13,right,1,,false,14,false
wk28,1,93,14,4,1.0,glue_1.jpg,glue_1.jpg,glue_1.jpg,2,0.01,1.0,0.01,true,1,6,14,middle,1,,false,14,false
wk28,1,94,11,4,0.5,pig_1.jpg,pig_1.jpg,pig_1.jpg,2,0.01,0.5,0.01,true,1,6,11,middle,1,,false,14,false
wk28,1,95,14,2,0.5,glue_1.jpg,glue_1.jpg,glue_1.jpg,2,0.01,0.5,0.01,true,1,7,14,middle,1,,false,14,false
wk28,1,96,13,4,1.0,taco_1.jpg,taco_1.jpg,taco_1.jpg,3,0.01,0.01,1.0,true,1,6,13,right,1,,false,14,false
wk28,1,97,11,3,1.0,pig_1.jpg,pig_1.jpg,pig_1.jpg,2,0.01,1.0,0.01,true,1,7,11,middle,1,,false,14,false
wk28,1,98,11,1,1.0,pig_1.jpg,pig_1.jpg,pig_1.jpg,2,0.01,1.0,0.01,true,1,8,11,middle,1,,false,14,false
wk28,1,99,10,8,1.0,highlighter_1.jpg,highlighter_1.jpg,highlighter_1.jpg,1,1.0,0.01,0.01,true,1,7,10,left,1,,false,14,false
wk28,1,100,14,5,1.0,glue_1.jpg,glue_1.jpg,glue_1.jpg,2,0.01,1.0,0.01,true,1,8,14,middle,1,,false,14,false
wk28,1,101,11,3,1.0,pig_1.jpg,pig_1.jpg,pig_1.jpg,2,0.01,1.0,0.01,true,1,9,11,middle,1,,false,14,false
wk28,1,102,14,2,1.0,glue_1.jpg,glue_1.jpg,glue_1.jpg,2,0.01,1.0,0.01,true,1,9,14,middle,1,,false,14,false
wk28,1,103,11,2,1.0,pig_1.jpg,pig_1.jpg,pig_1.jpg,2,0.01,1.0,0.01,true,1,10,11,middle,1,,false,14,false
wk28,1,104,13,8,1.0,taco_1.jpg,taco_1.jpg,taco_1.jpg,3,0.01,0.01,1.0,true,1,7,13,right,1,,false,14,false
wk28,1,105,11,2,1.0,pig_1.jpg,pig_1.jpg,pig_1.jpg,2,0.01,1.0,0.01,true,1,11,11,middle,1,,false,14,false
wk28,1,106,14,4,1.0,glue_1.jpg,glue_1.jpg,glue_1.jpg,2,0.01,1.0,0.01,true,1,10,14,middle,1,,false,14,false
wk28,1,107,13,3,1.0,taco_1.jpg,taco_1.jpg,taco_1.jpg,3,0.01,0.01,1.0,true,1,8,13,right,1,,false,14,false
wk28,1,108,11,3,0.5,pig_1.jpg,pig_1.jpg,pig_1.jpg,2,0.01,0.5,0.01,true,1,12,11,middle,1,,false,14,false
