session,block,trial,stimulus_group,delay,feedback_optimal,stimulus_A,stimulus_B,stimulus_C,stimulus_ordering,stimulus_left,stimulus_middle,stimulus_right,feedback_A,feedback_B,feedback_C,feedback_left,feedback_middle,feedback_right,feedback_common,valence,appearance,stimulus_group_id,optimal_side,n_stimuli,optimal_right,present_pavlovian,n_groups,early_stop
wk0,1,1,1,1,1.0,broccoli_1.jpg,ginger_1.jpg,rollerskate_1.jpg,ABC,broccoli_1.jpg,ginger_1.jpg,rollerskate_1.jpg,1.0,0.01,0.01,1.0,0.01,0.01,true,1,1,1,left,3,,false,14,false
wk0,1,2,1,1,0.5,broccoli_1.jpg,ginger_1.jpg,rollerskate_1.jpg,ABC,broccoli_1.jpg,ginger_1.jpg,rollerskate_1.jpg,0.5,0.01,0.01,0.5,0.01,0.01,true,1,2,1,left,3,,false,14,false
wk0,1,3,1,1,1.0,broccoli_1.jpg,ginger_1.jpg,rollerskate_1.jpg,ABC,broccoli_1.jpg,ginger_1.jpg,rollerskate_1.jpg,1.0,0.01,0.01,1.0,0.01,0.01,true,1,3,1,left,3,,false,14,false
wk0,1,4,1,1,1.0,broccoli_1.jpg,ginger_1.jpg,rollerskate_1.jpg,ABC,broccoli_1.jpg,ginger_1.jpg,rollerskate_1.jpg,1.0,0.01,0.01,1.0,0.01,0.01,true,1,4,1,left,3,,false,14,false
wk0,1,5,2,0,1.0,pinball_1.jpg,touchpad_1.jpg,comic_book_1.jpg,BAC,touchpad_1.jpg,pinball_1.jpg,comic_book_1.jpg,1.0,0.01,0.01,0.01,1.0,0.01,true,1,1,2,middle,3,,false,14,false
wk0,1,6,3,0,0.5,shopping_cart_1.jpg,sink_1.jpg,raccoon_1.jpg,BCA,sink_1.jpg,raccoon_1.jpg,shopping_cart_1.jpg,0.5,0.01,0.01,0.01,0.01,0.5,true,1,1,3,right,3,,false,14,false
wk0,1,7,3,1,1.0,shopping_cart_1.jpg,sink_1.jpg,raccoon_1.jpg,BCA,sink_1.jpg,raccoon_1.jpg,shopping_cart_1.jpg,1.0,0.01,0.01,0.01,0.01,1.0,true,1,2,3,right,3,,false,14,false
wk0,1,8,4,0,1.0,cinnamon_1.jpg,owl_1.jpg,kayak_1.jpg,CBA,kayak_1.jpg,owl_1.jpg,cinnamon_1.jpg,1.0,0.01,0.01,0.01,0.01,1.0,true,1,1,4,right,3,,false,14,false
wk0,1,9,2,4,1.0,pinball_1.jpg,touchpad_1.jpg,comic_book_1.jpg,BAC,touchpad_1.jpg,pinball_1.jpg,comic_book_1.jpg,1.0,0.01,0.01,0.01,1.0,0.01,true,1,2,2,middle,3,,false,14,false
wk0,1,10,5,0,1.0,espresso_1.jpg,abacus_1.jpg,outlet_1.jpg,ABC,espresso_1.jpg,abacus_1.jpg,outlet_1.jpg,1.0,0.01,0.01,1.0,0.01,0.01,true,1,1,5,left,3,,false,14,false
wk0,1,11,6,0,1.0,phone_booth_1.jpg,computer_screen_1.jpg,bag_1.jpg,ABC,phone_booth_1.jpg,computer_screen_1.jpg,bag_1.jpg,1.0,0.01,0.01,1.0,0.01,0.01,true,1,1,6,left,3,,false,14,false
wk0,1,12,3,5,1.0,shopping_cart_1.jpg,sink_1.jpg,raccoon_1.jpg,BCA,sink_1.jpg,raccoon_1.jpg,shopping_cart_1.jpg,1.0,0.01,0.01,0.01,0.01,1.0,true,1,3,3,right,3,,false,14,false
wk0,1,13,7,0,1.0,filing_cabinet_1.jpg,card_1.jpg,nest_1.jpg,BCA,card_1.jpg,nest_1.jpg,filing_cabinet_1.jpg,1.0,0.01,0.01,0.01,0.01,1.0,true,1,1,7,right,3,,false,14,false
wk0,1,14,4,6,1.0,cinnamon_1.jpg,owl_1.jpg,kayak_1.jpg,CBA,kayak_1.jpg,owl_1.jpg,cinnamon_1.jpg,1.0,0.01,0.01,0.01,0.01,1.0,true,1,2,4,right,3,,false,14,false
wk0,1,15,8,0,1.0,pincushion_1.jpg,dumbbell_1.jpg,stamp1_1.jpg,ACB,pincushion_1.jpg,stamp1_1.jpg,dumbbell_1.jpg,1.0,0.01,0.01,1.0,0.01,0.01,true,1,1,8,left,3,,false,14,false
wk0,1,16,9,0,1.0,luggage_1.jpg,toothbrush_1.jpg,grater_1.jpg,BAC,toothbrush_1.jpg,luggage_1.jpg,grater_1.jpg,1.0,0.01,0.01,0.01,1.0,0.01,true,1,1,9,middle,3,,false,14,false
wk0,1,17,6,6,0.5,phone_booth_1.jpg,computer_screen_1.jpg,bag_1.jpg,ABC,phone_booth_1.jpg,computer_screen_1.jpg,bag_1.jpg,0.5,0.01,0.01,0.5,0.01,0.01,true,1,2,6,left,3,,false,14,false
wk0,1,18,8,3,1.0,pincushion_1.jpg,dumbbell_1.jpg,stamp1_1.jpg,ACB,pincushion_1.jpg,stamp1_1.jpg,dumbbell_1.jpg,1.0,0.01,0.01,1.0,0.01,0.01,true,1,2,8,left,3,,false,14,false
wk0,1,19,3,7,1.0,shopping_cart_1.jpg,sink_1.jpg,raccoon_1.jpg,BCA,sink_1.jpg,raccoon_1.jpg,shopping_cart_1.jpg,1.0,0.01,0.01,0.01,0.01,1.0,true,1,4,3,right,3,,false,14,false
wk0,1,20,6,3,1.0,phone_booth_1.jpg,computer_screen_1.jpg,bag_1.jpg,ABC,phone_booth_1.jpg,computer_screen_1.jpg,bag_1.jpg,1.0,0.01,0.01,1.0,0.01,0.01,true,1,3,6,left,3,,false,14,false
wk0,1,21,9,5,1.0,luggage_1.jpg,toothbrush_1.jpg,grater_1.jpg,BAC,toothbrush_1.jpg,luggage_1.jpg,grater_1.jpg,1.0,0.01,0.01,0.01,1.0,0.01,true,1,2,9,middle,3,,false,14,false
wk0,1,22,7,9,1.0,filing_cabinet_1.jpg,card_1.jpg,nest_1.jpg,BCA,card_1.jpg,nest_1.jpg,filing_cabinet_1.jpg,1.0,0.01,0.01,0.01,0.01,1.0,true,1,2,7,right,3,,false,14,false
wk0,1,23,8,5,1.0,pincushion_1.jpg,dumbbell_1.jpg,stamp1_1.jpg,ACB,pincushion_1.jpg,stamp1_1.jpg,dumbbell_1.jpg,1.0,0.01,0.01,1.0,0.01,0.01,true,1,3,8,left,3,,false,14,false
wk0,1,24,6,4,1.0,phone_booth_1.jpg,computer_screen_1.jpg,bag_1.jpg,ABC,phone_booth_1.jpg,computer_screen_1.jpg,bag_1.jpg,1.0,0.01,0.01,1.0,0.01,0.01,true,1,4,6,left,3,,false,14,false
wk0,1,25,7,3,0.5,filing_cabinet_1.jpg,card_1.jpg,nest_1.jpg,BCA,card_1.jpg,nest_1.jpg,filing_cabinet_1.jpg,0.5,0.01,0.01,0.01,0.01,0.5,true,1,3,7,right,3,,false,14,false
wk0,1,26,9,5,1.0,luggage_1.jpg,toothbrush_1.jpg,grater_1.jpg,BAC,toothbrush_1.jpg,luggage_1.jpg,grater_1.jpg,1.0,0.01,0.01,0.01,1.0,0.01,true,1,3,9,middle,3,,false,14,false
wk0,1,27,8,4,1.0,pincushion_1.jpg,dumbbell_1.jpg,stamp1_1.jpg,ACB,pincushion_1.jpg,stamp1_1.jpg,dumbbell_1.jpg,1.0,0.01,0.01,1.0,0.01,0.01,true,1,4,8,left,3,,false,14,false
wk0,1,28,9,2,0.5,luggage_1.jpg,toothbrush_1.jpg,grater_1.jpg,BAC,toothbrush_1.jpg,luggage_1.jpg,grater_1.jpg,0.5,0.01,0.01,0.01,0.5,0.01,true,1,4,9,middle,3,,false,14,false
wk0,1,29,6,5,1.0,phone_booth_1.jpg,computer_screen_1.jpg,bag_1.jpg,ABC,phone_booth_1.jpg,computer_screen_1.jpg,bag_1.jpg,1.0,0.01,0.01,1.0,0.01,0.01,true,1,5,6,left,3,,false,14,false
wk0,1,30,3,11,1.0,shopping_cart_1.jpg,sink_1.jpg,raccoon_1.jpg,BCA,sink_1.jpg,raccoon_1.jpg,shopping_cart_1.jpg,1.0,0.01,0.01,0.01,0.01,1.0,true,1,5,3,right,3,,false,14,false
wk0,1,31,7,6,1.0,filing_cabinet_1.jpg,card_1.jpg,nest_1.jpg,BCA,card_1.jpg,nest_1.jpg,filing_cabinet_1.jpg,1.0,0.01,0.01,0.01,0.01,1.0,true,1,4,7,right,3,,false,14,false
wk0,1,32,8,5,1.0,pincushion_1.jpg,dumbbell_1.jpg,stamp1_1.jpg,ACB,pincushion_1.jpg,stamp1_1.jpg,dumbbell_1.jpg,1.0,0.01,0.01,1.0,0.01,0.01,true,1,5,8,left,3,,false,14,false
wk0,1,33,7,2,0.5,filing_cabinet_1.jpg,card_1.jpg,nest_1.jpg,BCA,card_1.jpg,nest_1.jpg,filing_cabinet_1.jpg,0.5,0.01,0.01,0.01,0.01,0.5,true,1,5,7,right,3,,false,14,false
wk0,1,34,9,6,1.0,luggage_1.jpg,toothbrush_1.jpg,grater_1.jpg,BAC,toothbrush_1.jpg,luggage_1.jpg,grater_1.jpg,1.0,0.01,0.01,0.01,1.0,0.01,true,1,5,9,middle,3,,false,14,false
wk0,1,35,6,6,0.5,phone_booth_1.jpg,computer_screen_1.jpg,bag_1.jpg,ABC,phone_booth_1.jpg,computer_screen_1.jpg,bag_1.jpg,0.5,0.01,0.01,0.5,0.01,0.01,true,1,6,6,left,3,,false,14,false
wk0,1,36,3,6,1.0,shopping_cart_1.jpg,sink_1.jpg,raccoon_1.jpg,BCA,sink_1.jpg,raccoon_1.jpg,shopping_cart_1.jpg,1.0,0.01,0.01,0.01,0.01,1.0,true,1,6,3,right,3,,false,14,false
wk0,1,37,3,1,0.5,shopping_cart_1.jpg,sink_1.jpg,raccoon_1.jpg,BCA,sink_1.jpg,raccoon_1.jpg,shopping_cart_1.jpg,0.5,0.01,0.01,0.01,0.01,0.5,true,1,7,3,right,3,,false,14,false
wk0,1,38,8,6,1.0,pincushion_1.jpg,dumbbell_1.jpg,stamp1_1.jpg,ACB,pincushion_1.jpg,stamp1_1.jpg,dumbbell_1.jpg,1.0,0.01,0.01,1.0,0.01,0.01,true,1,6,8,left,3,,false,14,false
wk0,1,39,3,2,1.0,shopping_cart_1.jpg,sink_1.jpg,raccoon_1.jpg,BCA,sink_1.jpg,raccoon_1.jpg,shopping_cart_1.jpg,1.0,0.01,0.01,0.01,0.01,1.0,true,1,8,3,right,3,,false,14,false
wk0,1,40,8,2,1.0,pincushion_1.jpg,dumbbell_1.jpg,stamp1_1.jpg,ACB,pincushion_1.jpg,stamp1_1.jpg,dumbbell_1.jpg,1.0,0.01,0.01,1.0,0.01,0.01,true,1,7,8,left,3,,false,14,false
wk0,1,41,7,8,1.0,filing_cabinet_1.jpg,card_1.jpg,nest_1.jpg,BCA,card_1.jpg,nest_1.jpg,filing_cabinet_1.jpg,1.0,0.01,0.01,0.01,0.01,1.0,true,1,6,7,right,3,,false,14,false
wk0,1,42,3,3,1.0,shopping_cart_1.jpg,sink_1.jpg,raccoon_1.jpg,BCA,sink_1.jpg,raccoon_1.jpg,shopping_cart_1.jpg,1.0,0.01,0.01,0.01,0.01,1.0,true,1,9,3,right,3,,false,14,false
wk0,1,43,9,9,1.0,luggage_1.jpg,toothbrush_1.jpg,grater_1.jpg,BAC,toothbrush_1.jpg,luggage_1.jpg,grater_1.jpg,1.0,0.01,0.01,0.01,1.0,0.01,true,1,6,9,middle,3,,false,14,false
wk0,1,44,6,9,1.0,phone_booth_1.jpg,computer_screen_1.jpg,bag_1.jpg,ABC,phone_booth_1.jpg,computer_screen_1.jpg,bag_1.jpg,1.0,0.01,0.01,1.0,0.01,0.01,true,1,7,6,left,3,,false,14,false
wk0,1,45,9,2,1.0,luggage_1.jpg,toothbrush_1.jpg,grater_1.jpg,BAC,toothbrush_1.jpg,luggage_1.jpg,grater_1.jpg,1.0,0.01,0.01,0.01,1.0,0.01,true,1,7,9,middle,3,,false,14,false
wk0,1,46,8,6,1.0,pincushion_1.jpg,dumbbell_1.jpg,stamp1_1.jpg,ACB,pincushion_1.jpg,stamp1_1.jpg,dumbbell_1.jpg,1.0,0.01,0.01,1.0,0.01,0.01,true,1,8,8,left,3,,false,14,false
wk0,1,47,7,6,1.0,filing_cabinet_1.jpg,card_1.jpg,nest_1.jpg,BCA,card_1.jpg,nest_1.jpg,filing_cabinet_1.jpg,1.0,0.01,0.01,0.01,0.01,1.0,true,1,7,7,right,3,,false,14,false
wk0,1,48,3,6,1.0,shopping_cart_1.jpg,sink_1.jpg,raccoon_1.jpg,BCA,sink_1.jpg,raccoon_1.jpg,shopping_cart_1.jpg,1.0,0.01,0.01,0.01,0.01,1.0,true,1,10,3,right,3,,false,14,false
wk0,1,49,7,2,1.0,filing_cabinet_1.jpg,card_1.jpg,nest_1.jpg,BCA,card_1.jpg,nest_1.jpg,filing_cabinet_1.jpg,1.0,0.01,0.01,0.01,0.01,1.0,true,1,8,7,right,3,,false,14,false
wk0,1,50,3,2,1.0,shopping_cart_1.jpg,sink_1.jpg,raccoon_1.jpg,BCA,sink_1.jpg,raccoon_1.jpg,shopping_cart_1.jpg,1.0,0.01,0.01,0.01,0.01,1.0,true,1,11,3,right,3,,false,14,false
wk0,1,51,6,7,1.0,phone_booth_1.jpg,computer_screen_1.jpg,bag_1.jpg,ABC,phone_booth_1.jpg,computer_screen_1.jpg,bag_1.jpg,1.0,0.01,0.01,1.0,0.01,0.01,true,1,8,6,left,3,,false,14,false
wk0,1,52,9,7,1.0,luggage_1.jpg,toothbrush_1.jpg,grater_1.jpg,BAC,toothbrush_1.jpg,luggage_1.jpg,grater_1.jpg,1.0,0.01,0.01,0.01,1.0,0.01,true,1,8,9,middle,3,,false,14,false
wk0,1,53,6,2,1.0,phone_booth_1.jpg,computer_screen_1.jpg,bag_1.jpg,ABC,phone_booth_1.jpg,computer_screen_1.jpg,bag_1.jpg,1.0,0.01,0.01,1.0,0.01,0.01,true,1,9,6,left,3,,false,14,false
wk0,1,54,8,8,0.5,pincushion_1.jpg,dumbbell_1.jpg,stamp1_1.jpg,ACB,pincushion_1.jpg,stamp1_1.jpg,dumbbell_1.jpg,0.5,0.01,0.01,0.5,0.01,0.01,true,1,9,8,left,3,,false,14,false
wk0,1,55,7,6,1.0,filing_cabinet_1.jpg,card_1.jpg,nest_1.jpg,BCA,card_1.jpg,nest_1.jpg,filing_cabinet_1.jpg,1.0,0.01,0.01,0.01,0.01,1.0,true,1,9,7,right,3,,false,14,false
wk0,1,56,7,1,1.0,filing_cabinet_1.jpg,card_1.jpg,nest_1.jpg,BCA,card_1.jpg,nest_1.jpg,filing_cabinet_1.jpg,1.0,0.01,0.01,0.01,0.01,1.0,true,1,10,7,right,3,,false,14,false
wk0,1,57,3,7,1.0,shopping_cart_1.jpg,sink_1.jpg,raccoon_1.jpg,BCA,sink_1.jpg,raccoon_1.jpg,shopping_cart_1.jpg,1.0,0.01,0.01,0.01,0.01,1.0,true,1,12,3,right,3,,false,14,false
wk0,1,58,10,0,1.0,tag_1.jpg,sweeper_1.jpg,scarecrow_1.jpg,ABC,tag_1.jpg,sweeper_1.jpg,scarecrow_1.jpg,1.0,0.01,0.01,1.0,0.01,0.01,true,1,1,10,left,3,,false,14,false
wk0,1,59,7,3,1.0,filing_cabinet_1.jpg,card_1.jpg,nest_1.jpg,BCA,card_1.jpg,nest_1.jpg,filing_cabinet_1.jpg,1.0,0.01,0.01,0.01,0.01,1.0,true,1,11,7,right,3,,false,14,false
wk0,1,60,9,8,0.5,luggage_1.jpg,toothbrush_1.jpg,grater_1.jpg,BAC,toothbrush_1.jpg,luggage_1.jpg,grater_1.jpg,0.5,0.01,0.01,0.01,0.5,0.01,true,1,9,9,middle,3,,false,14,false
wk0,1,61,8,7,1.0,pincushion_1.jpg,dumbbell_1.jpg,stamp1_1.jpg,ACB,pincushion_1.jpg,stamp1_1.jpg,dumbbell_1.jpg,1.0,0.01,0.01,1.0,0.01,0.01,true,1,10,8,left,3,,false,14,false
wk0,1,62,9,2,1.0,luggage_1.jpg,toothbrush_1.jpg,grater_1.jpg,BAC,toothbrush_1.jpg,luggage_1.jpg,grater_1.jpg,1.0,0.01,0.01,0.01,1.0,0.01,true,1,10,9,middle,3,,false,14,false
wk0,1,63,10,5,0.5,tag_1.jpg,sweeper_1.jpg,scarecrow_1.jpg,ABC,tag_1.jpg,sweeper_1.jpg,scarecrow_1.jpg,0.5,0.01,0.01,0.5,0.01,0.01,true,1,2,10,left,3,,false,14,false
wk0,1,64,6,11,1.0,phone_booth_1.jpg,computer_screen_1.jpg,bag_1.jpg,ABC,phone_booth_1.jpg,computer_screen_1.jpg,bag_1.jpg,1.0,0.01,0.01,1.0,0.01,0.01,true,1,10,6,left,3,,false,14,false
wk0,1,65,7,6,1.0,filing_cabinet_1.jpg,card_1.jpg,nest_1.jpg,BCA,card_1.jpg,nest_1.jpg,filing_cabinet_1.jpg,1.0,0.01,0.01,0.01,0.01,1.0,true,1,12,7,right,3,,false,14,false
wk0,1,66,11,0,1.0,hydrant_1.jpg,honey_1.jpg,snowman_1.jpg,CAB,snowman_1.jpg,hydrant_1.jpg,honey_1.jpg,1.0,0.01,0.01,0.01,1.0,0.01,true,1,1,11,middle,3,,false,14,false
wk0,1,67,11,1,1.0,hydrant_1.jpg,honey_1.jpg,snowman_1.jpg,CAB,snowman_1.jpg,hydrant_1.jpg,honey_1.jpg,1.0,0.01,0.01,0.01,1.0,0.01,true,1,2,11,middle,3,,false,14,false
wk0,1,68,6,4,1.0,phone_booth_1.jpg,computer_screen_1.jpg,bag_1.jpg,ABC,phone_booth_1.jpg,computer_screen_1.jpg,bag_1.jpg,1.0,0.01,0.01,1.0,0.01,0.01,true,1,11,6,left,3,,false,14,false
wk0,1,69,8,8,0.5,pincushion_1.jpg,dumbbell_1.jpg,stamp1_1.jpg,ACB,pincushion_1.jpg,stamp1_1.jpg,dumbbell_1.jpg,0.5,0.01,0.01,0.5,0.01,0.01,true,1,11,8,left,3,,false,14,false
wk0,1,70,10,7,1.0,tag_1.jpg,sweeper_1.jpg,scarecrow_1.jpg,ABC,tag_1.jpg,sweeper_1.jpg,scarecrow_1.jpg,1.0,0.01,0.01,1.0,0.01,0.01,true,1,3,10,left,3,,false,14,false
wk0,1,71,9,9,1.0,luggage_1.jpg,toothbrush_1.jpg,grater_1.jpg,BAC,toothbrush_1.jpg,luggage_1.jpg,grater_1.jpg,1.0,0.01,0.01,0.01,1.0,0.01,true,1,11,9,middle,3,,false,14,false
wk0,1,72,6,4,1.0,phone_booth_1.jpg,computer_screen_1.jpg,bag_1.jpg,ABC,phone_booth_1.jpg,computer_screen_1.jpg,bag_1.jpg,1.0,0.01,0.01,1.0,0.01,0.01,true,1,12,6,left,3,,false,14,false
wk0,1,73,12,0,1.0,punching_bag_1.jpg,french_fries_1.jpg,sim_card_1.jpg,BCA,french_fries_1.jpg,sim_card_1.jpg,punching_bag_1.jpg,1.0,0.01,0.01,0.01,0.01,1.0,true,1,1,12,right,3,,false,14,false
wk0,1,74,12,1,1.0,punching_bag_1.jpg,french_fries_1.jpg,sim_card_1.jpg,BCA,french_fries_1.jpg,sim_card_1.jpg,punching_bag_1.jpg,1.0,0.01,0.01,0.01,0.01,1.0,true,1,2,12,right,3,,false,14,false
wk0,1,75,10,5,1.0,tag_1.jpg,sweeper_1.jpg,scarecrow_1.jpg,ABC,tag_1.jpg,sweeper_1.jpg,scarecrow_1.jpg,1.0,0.01,0.01,1.0,0.01,0.01,true,1,4,10,left,3,,false,14,false
wk0,1,76,11,9,1.0,hydrant_1.jpg,honey_1.jpg,snowman_1.jpg,CAB,snowman_1.jpg,hydrant_1.jpg,honey_1.jpg,1.0,0.01,0.01,0.01,1.0,0.01,true,1,3,11,middle,3,,false,14,false
wk0,1,77,8,8,1.0,pincushion_1.jpg,dumbbell_1.jpg,stamp1_1.jpg,ACB,pincushion_1.jpg,stamp1_1.jpg,dumbbell_1.jpg,1.0,0.01,0.01,1.0,0.01,0.01,true,1,12,8,left,3,,false,14,false
wk0,1,78,13,0,1.0,computer_1.jpg,icicle_1.jpg,banana_peel_1.jpg,CBA,banana_peel_1.jpg,icicle_1.jpg,computer_1.jpg,1.0,0.01,0.01,0.01,0.01,1.0,true,1,1,13,right,3,,false,14,false
wk0,1,79,9,8,1.0,luggage_1.jpg,toothbrush_1.jpg,grater_1.jpg,BAC,toothbrush_1.jpg,luggage_1.jpg,grater_1.jpg,1.0,0.01,0.01,0.01,1.0,0.01,true,1,12,9,middle,3,,false,14,false
wk0,1,80,14,0,1.0,yolk_1.jpg,potato_1.jpg,hula_hoop_1.jpg,BAC,potato_1.jpg,yolk_1.jpg,hula_hoop_1.jpg,1.0,0.01,0.01,0.01,1.0,0.01,true,1,1,14,middle,3,,false,14,false
wk0,1,81,14,1,1.0,yolk_1.jpg,potato_1.jpg,hula_hoop_1.jpg,BAC,potato_1.jpg,yolk_1.jpg,hula_hoop_1.jpg,1.0,0.01,0.01,0.01,1.0,0.01,true,1,2,14,middle,3,,false,14,false
wk0,1,82,13,4,0.5,computer_1.jpg,icicle_1.jpg,banana_peel_1.jpg,CBA,banana_peel_1.jpg,icicle_1.jpg,computer_1.jpg,0.5,0.01,0.01,0.01,0.01,0.5,true,1,2,13,right,3,,false,14,false
wk0,1,83,13,1,1.0,computer_1.jpg,icicle_1.jpg,banana_peel_1.jpg,CBA,banana_peel_1.jpg,icicle_1.jpg,computer_1.jpg,1.0,0.01,0.01,0.01,0.01,1.0,true,1,3,13,right,3,,false,14,false
wk0,1,84,14,3,0.5,yolk_1.jpg,potato_1.jpg,hula_hoop_1.jpg,BAC,potato_1.jpg,yolk_1.jpg,hula_hoop_1.jpg,0.5,0.01,0.01,0.01,0.5,0.01,true,1,3,14,middle,3,,false,14,false
wk0,1,85,11,9,1.0,hydrant_1.jpg,honey_1.jpg,snowman_1.jpg,CAB,snowman_1.jpg,hydrant_1.jpg,honey_1.jpg,1.0,0.01,0.01,0.01,1.0,0.01,true,1,4,11,middle,3,,false,14,false
wk0,1,86,10,11,1.0,tag_1.jpg,sweeper_1.jpg,scarecrow_1.jpg,ABC,tag_1.jpg,sweeper_1.jpg,scarecrow_1.jpg,1.0,0.01,0.01,1.0,0.01,0.01,true,1,5,10,left,3,,false,14,false
wk0,1,87,13,4,1.0,computer_1.jpg,icicle_1.jpg,banana_peel_1.jpg,CBA,banana_peel_1.jpg,icicle_1.jpg,computer_1.jpg,1.0,0.01,0.01,0.01,0.01,1.0,true,1,4,13,right,3,,false,14,false
wk0,1,88,14,4,1.0,yolk_1.jpg,potato_1.jpg,hula_hoop_1.jpg,BAC,potato_1.jpg,yolk_1.jpg,hula_hoop_1.jpg,1.0,0.01,0.01,0.01,1.0,0.01,true,1,4,14,middle,3,,false,14,false
wk0,1,89,14,1,1.0,yolk_1.jpg,potato_1.jpg,hula_hoop_1.jpg,BAC,potato_1.jpg,yolk_1.jpg,hula_hoop_1.jpg,1.0,0.01,0.01,0.01,1.0,0.01,true,1,5,14,middle,3,,false,14,false
wk0,1,90,11,5,1.0,hydrant_1.jpg,honey_1.jpg,snowman_1.jpg,CAB,snowman_1.jpg,hydrant_1.jpg,honey_1.jpg,1.0,0.01,0.01,0.01,1.0,0.01,true,1,5,11,middle,3,,false,14,false
wk0,1,91,10,5,1.0,tag_1.jpg,sweeper_1.jpg,scarecrow_1.jpg,ABC,tag_1.jpg,sweeper_1.jpg,scarecrow_1.jpg,1.0,0.01,0.01,1.0,0.01,0.01,true,1,6,10,left,3,,false,14,false
wk0,1,92,13,5,0.5,computer_1.jpg,icicle_1.jpg,banana_peel_1.jpg,CBA,banana_peel_1.jpg,icicle_1.jpg,computer_1.jpg,0.5,0.01,0.01,0.01,0.01,0.5,true,1,5,13,right,3,,false,14,false
wk0,1,93,14,4,1.0,yolk_1.jpg,potato_1.jpg,hula_hoop_1.jpg,BAC,potato_1.jpg,yolk_1.jpg,hula_hoop_1.jpg,1.0,0.01,0.01,0.01,1.0,0.01,true,1,6,14,middle,3,,false,14,false
wk0,1,94,11,4,0.5,hydrant_1.jpg,honey_1.jpg,snowman_1.jpg,CAB,snowman_1.jpg,hydrant_1.jpg,honey_1.jpg,0.5,0.01,0.01,0.01,0.5,0.01,true,1,6,11,middle,3,,false,14,false
wk0,1,95,14,2,0.5,yolk_1.jpg,potato_1.jpg,hula_hoop_1.jpg,BAC,potato_1.jpg,yolk_1.jpg,hula_hoop_1.jpg,0.5,0.01,0.01,0.01,0.5,0.01,true,1,7,14,middle,3,,false,14,false
wk0,1,96,13,4,1.0,computer_1.jpg,icicle_1.jpg,banana_peel_1.jpg,CBA,banana_peel_1.jpg,icicle_1.jpg,computer_1.jpg,1.0,0.01,0.01,0.01,0.01,1.0,true,1,6,13,right,3,,false,14,false
wk0,1,97,11,3,1.0,hydrant_1.jpg,honey_1.jpg,snowman_1.jpg,CAB,snowman_1.jpg,hydrant_1.jpg,honey_1.jpg,1.0,0.01,0.01,0.01,1.0,0.01,true,1,7,11,middle,3,,false,14,false
wk0,1,98,11,1,1.0,hydrant_1.jpg,honey_1.jpg,snowman_1.jpg,CAB,snowman_1.jpg,hydrant_1.jpg,honey_1.jpg,1.0,0.01,0.01,0.01,1.0,0.01,true,1,8,11,middle,3,,false,14,false
wk0,1,99,10,8,1.0,tag_1.jpg,sweeper_1.jpg,scarecrow_1.jpg,ABC,tag_1.jpg,sweeper_1.jpg,scarecrow_1.jpg,1.0,0.01,0.01,1.0,0.01,0.01,true,1,7,10,left,3,,false,14,false
wk0,1,100,14,5,1.0,yolk_1.jpg,potato_1.jpg,hula_hoop_1.jpg,BAC,potato_1.jpg,yolk_1.jpg,hula_hoop_1.jpg,1.0,0.01,0.01,0.01,1.0,0.01,true,1,8,14,middle,3,,false,14,false
wk0,1,101,11,3,1.0,hydrant_1.jpg,honey_1.jpg,snowman_1.jpg,CAB,snowman_1.jpg,hydrant_1.jpg,honey_1.jpg,1.0,0.01,0.01,0.01,1.0,0.01,true,1,9,11,middle,3,,false,14,false
wk0,1,102,14,2,1.0,yolk_1.jpg,potato_1.jpg,hula_hoop_1.jpg,BAC,potato_1.jpg,yolk_1.jpg,hula_hoop_1.jpg,1.0,0.01,0.01,0.01,1.0,0.01,true,1,9,14,middle,3,,false,14,false
wk0,1,103,11,2,1.0,hydrant_1.jpg,honey_1.jpg,snowman_1.jpg,CAB,snowman_1.jpg,hydrant_1.jpg,honey_1.jpg,1.0,0.01,0.01,0.01,1.0,0.01,true,1,10,11,middle,3,,false,14,false
wk0,1,104,13,8,1.0,computer_1.jpg,icicle_1.jpg,banana_peel_1.jpg,CBA,banana_peel_1.jpg,icicle_1.jpg,computer_1.jpg,1.0,0.01,0.01,0.01,0.01,1.0,true,1,7,13,right,3,,false,14,false
wk0,1,105,11,2,1.0,hydrant_1.jpg,honey_1.jpg,snowman_1.jpg,CAB,snowman_1.jpg,hydrant_1.jpg,honey_1.jpg,1.0,0.01,0.01,0.01,1.0,0.01,true,1,11,11,middle,3,,false,14,false
wk0,1,106,14,4,1.0,yolk_1.jpg,potato_1.jpg,hula_hoop_1.jpg,BAC,potato_1.jpg,yolk_1.jpg,hula_hoop_1.jpg,1.0,0.01,0.01,0.01,1.0,0.01,true,1,10,14,middle,3,,false,14,false
wk0,1,107,13,3,1.0,computer_1.jpg,icicle_1.jpg,banana_peel_1.jpg,CBA,banana_peel_1.jpg,icicle_1.jpg,computer_1.jpg,1.0,0.01,0.01,0.01,0.01,1.0,true,1,8,13,right,3,,false,14,false
wk0,1,108,11,3,0.5,hydrant_1.jpg,honey_1.jpg,snowman_1.jpg,CAB,snowman_1.jpg,hydrant_1.jpg,honey_1.jpg,0.5,0.01,0.01,0.01,0.5,0.01,true,1,12,11,middle,3,,false,14,false
wk2,1,1,1,1,1.0,spareribs_1.jpg,hairspray_1.jpg,ironing_board_1.jpg,ABC,spareribs_1.jpg,hairspray_1.jpg,ironing_board_1.jpg,1.0,0.01,0.01,1.0,0.01,0.01,true,1,5,1,left,3,,false,14,false
wk2,1,2,1,1,0.5,spareribs_1.jpg,hairspray_1.jpg,ironing_board_1.jpg,ABC,spareribs_1.jpg,hairspray_1.jpg,ironing_board_1.jpg,0.5,0.01,0.01,0.5,0.01,0.01,true,1,6,1,left,3,,false,14,false
wk2,1,3,1,1,1.0,spareribs_1.jpg,hairspray_1.jpg,ironing_board_1.jpg,ABC,spareribs_1.jpg,hairspray_1.jpg,ironing_board_1.jpg,1.0,0.01,0.01,1.0,0.01,0.01,true,1,7,1,left,3,,false,14,false
wk2,1,4,1,1,1.0,spareribs_1.jpg,hairspray_1.jpg,ironing_board_1.jpg,ABC,spareribs_1.jpg,hairspray_1.jpg,ironing_board_1.jpg,1.0,0.01,0.01,1.0,0.01,0.01,true,1,8,1,left,3,,false,14,false
wk2,1,5,2,0,1.0,candy_cane_1.jpg,bowling_ball_1.jpg,watermelon_1.jpg,BCA,bowling_ball_1.jpg,watermelon_1.jpg,candy_cane_1.jpg,1.0,0.01,0.01,0.01,0.01,1.0,true,1,3,2,right,3,,false,14,false
wk2,1,6,3,0,0.5,drawer_1.jpg,piglet_1.jpg,rhinoceros_1.jpg,CAB,rhinoceros_1.jpg,drawer_1.jpg,piglet_1.jpg,0.5,0.01,0.01,0.01,0.5,0.01,true,1,13,3,middle,3,,false,14,false
wk2,1,7,3,1,1.0,drawer_1.jpg,piglet_1.jpg,rhinoceros_1.jpg,CAB,rhinoceros_1.jpg,drawer_1.jpg,piglet_1.jpg,1.0,0.01,0.01,0.01,1.0,0.01,true,1,14,3,middle,3,,false,14,false
wk2,1,8,4,0,1.0,cabbage_1.jpg,noodle_1.jpg,cello_1.jpg,BCA,noodle_1.jpg,cello_1.jpg,cabbage_1.jpg,1.0,0.01,0.01,0.01,0.01,1.0,true,1,3,4,right,3,,false,14,false
wk2,1,9,2,4,1.0,candy_cane_1.jpg,bowling_ball_1.jpg,watermelon_1.jpg,BCA,bowling_ball_1.jpg,watermelon_1.jpg,candy_cane_1.jpg,1.0,0.01,0.01,0.01,0.01,1.0,true,1,4,2,right,3,,false,14,false
wk2,1,10,5,0,1.0,mushroom_1.jpg,skewer_1.jpg,raft_1.jpg,ACB,mushroom_1.jpg,raft_1.jpg,skewer_1.jpg,1.0,0.01,0.01,1.0,0.01,0.01,true,1,2,5,left,3,,false,14,false
wk2,1,11,6,0,1.0,remote_control_1.jpg,tortilla_1.jpg,soap_1.jpg,CAB,soap_1.jpg,remote_control_1.jpg,tortilla_1.jpg,1.0,0.01,0.01,0.01,1.0,0.01,true,1,13,6,middle,3,,false,14,false
wk2,1,12,3,5,1.0,drawer_1.jpg,piglet_1.jpg,rhinoceros_1.jpg,CAB,rhinoceros_1.jpg,drawer_1.jpg,piglet_1.jpg,1.0,0.01,0.01,0.01,1.0,0.01,true,1,15,3,middle,3,,false,14,false
wk2,1,13,7,0,1.0,shrimp_1.jpg,piecrust_1.jpg,carrot_1.jpg,BCA,piecrust_1.jpg,carrot_1.jpg,shrimp_1.jpg,1.0,0.01,0.01,0.01,0.01,1.0,true,1,13,7,right,3,,false,14,false
wk2,1,14,4,6,1.0,cabbage_1.jpg,noodle_1.jpg,cello_1.jpg,BCA,noodle_1.jpg,cello_1.jpg,cabbage_1.jpg,1.0,0.01,0.01,0.01,0.01,1.0,true,1,4,4,right,3,,false,14,false
wk2,1,15,8,0,1.0,handprint_1.jpg,peeler_1.jpg,smoothie_1.jpg,ABC,handprint_1.jpg,peeler_1.jpg,smoothie_1.jpg,1.0,0.01,0.01,1.0,0.01,0.01,true,1,13,8,left,3,,false,14,false
wk2,1,16,9,0,1.0,cookie_cutter_1.jpg,dishwashing_liquid_1.jpg,egg_1.jpg,BCA,dishwashing_liquid_1.jpg,egg_1.jpg,cookie_cutter_1.jpg,1.0,0.01,0.01,0.01,0.01,1.0,true,1,13,9,right,3,,false,14,false
wk2,1,17,6,6,0.5,remote_control_1.jpg,tortilla_1.jpg,soap_1.jpg,CAB,soap_1.jpg,remote_control_1.jpg,tortilla_1.jpg,0.5,0.01,0.01,0.01,0.5,0.01,true,1,14,6,middle,3,,false,14,false
wk2,1,18,8,3,1.0,handprint_1.jpg,peeler_1.jpg,smoothie_1.jpg,ABC,handprint_1.jpg,peeler_1.jpg,smoothie_1.jpg,1.0,0.01,0.01,1.0,0.01,0.01,true,1,14,8,left,3,,false,14,false
wk2,1,19,3,7,1.0,drawer_1.jpg,piglet_1.jpg,rhinoceros_1.jpg,CAB,rhinoceros_1.jpg,drawer_1.jpg,piglet_1.jpg,1.0,0.01,0.01,0.01,1.0,0.01,true,1,16,3,middle,3,,false,14,false
wk2,1,20,6,3,1.0,remote_control_1.jpg,tortilla_1.jpg,soap_1.jpg,CAB,soap_1.jpg,remote_control_1.jpg,tortilla_1.jpg,1.0,0.01,0.01,0.01,1.0,0.01,true,1,15,6,middle,3,,false,14,false
wk2,1,21,9,5,1.0,cookie_cutter_1.jpg,dishwashing_liquid_1.jpg,egg_1.jpg,BCA,dishwashing_liquid_1.jpg,egg_1.jpg,cookie_cutter_1.jpg,1.0,0.01,0.01,0.01,0.01,1.0,true,1,14,9,right,3,,false,14,false
wk2,1,22,7,9,1.0,shrimp_1.jpg,piecrust_1.jpg,carrot_1.jpg,BCA,piecrust_1.jpg,carrot_1.jpg,shrimp_1.jpg,1.0,0.01,0.01,0.01,0.01,1.0,true,1,14,7,right,3,,false,14,false
wk2,1,23,8,5,1.0,handprint_1.jpg,peeler_1.jpg,smoothie_1.jpg,ABC,handprint_1.jpg,peeler_1.jpg,smoothie_1.jpg,1.0,0.01,0.01,1.0,0.01,0.01,true,1,15,8,left,3,,false,14,false
wk2,1,24,6,4,1.0,remote_control_1.jpg,tortilla_1.jpg,soap_1.jpg,CAB,soap_1.jpg,remote_control_1.jpg,tortilla_1.jpg,1.0,0.01,0.01,0.01,1.0,0.01,true,1,16,6,middle,3,,false,14,false
wk2,1,25,7,3,0.5,shrimp_1.jpg,piecrust_1.jpg,carrot_1.jpg,BCA,piecrust_1.jpg,carrot_1.jpg,shrimp_1.jpg,0.5,0.01,0.01,0.01,0.01,0.5,true,1,15,7,right,3,,false,14,false
wk2,1,26,9,5,1.0,cookie_cutter_1.jpg,dishwashing_liquid_1.jpg,egg_1.jpg,BCA,dishwashing_liquid_1.jpg,egg_1.jpg,cookie_cutter_1.jpg,1.0,0.01,0.01,0.01,0.01,1.0,true,1,15,9,right,3,,false,14,false
wk2,1,27,8,4,1.0,handprint_1.jpg,peeler_1.jpg,smoothie_1.jpg,ABC,handprint_1.jpg,peeler_1.jpg,smoothie_1.jpg,1.0,0.01,0.01,1.0,0.01,0.01,true,1,16,8,left,3,,false,14,false
wk2,1,28,9,2,0.5,cookie_cutter_1.jpg,dishwashing_liquid_1.jpg,egg_1.jpg,BCA,dishwashing_liquid_1.jpg,egg_1.jpg,cookie_cutter_1.jpg,0.5,0.01,0.01,0.01,0.01,0.5,true,1,16,9,right,3,,false,14,false
wk2,1,29,6,5,1.0,remote_control_1.jpg,tortilla_1.jpg,soap_1.jpg,CAB,soap_1.jpg,remote_control_1.jpg,tortilla_1.jpg,1.0,0.01,0.01,0.01,1.0,0.01,true,1,17,6,middle,3,,false,14,false
wk2,1,30,3,11,1.0,drawer_1.jpg,piglet_1.jpg,rhinoceros_1.jpg,CAB,rhinoceros_1.jpg,drawer_1.jpg,piglet_1.jpg,1.0,0.01,0.01,0.01,1.0,0.01,true,1,17,3,middle,3,,false,14,false
wk2,1,31,7,6,1.0,shrimp_1.jpg,piecrust_1.jpg,carrot_1.jpg,BCA,piecrust_1.jpg,carrot_1.jpg,shrimp_1.jpg,1.0,0.01,0.01,0.01,0.01,1.0,true,1,16,7,right,3,,false,14,false
wk2,1,32,8,5,1.0,handprint_1.jpg,peeler_1.jpg,smoothie_1.jpg,ABC,handprint_1.jpg,peeler_1.jpg,smoothie_1.jpg,1.0,0.01,0.01,1.0,0.01,0.01,true,1,17,8,left,3,,false,14,false
wk2,1,33,7,2,0.5,shrimp_1.jpg,piecrust_1.jpg,carrot_1.jpg,BCA,piecrust_1.jpg,carrot_1.jpg,shrimp_1.jpg,0.5,0.01,0.01,0.01,0.01,0.5,true,1,17,7,right,3,,false,14,false
wk2,1,34,9,6,1.0,cookie_cutter_1.jpg,dishwashing_liquid_1.jpg,egg_1.jpg,BCA,dishwashing_liquid_1.jpg,egg_1.jpg,cookie_cutter_1.jpg,1.0,0.01,0.01,0.01,0.01,1.0,true,1,17,9,right,3,,false,14,false
wk2,1,35,6,6,0.5,remote_control_1.jpg,tortilla_1.jpg,soap_1.jpg,CAB,soap_1.jpg,remote_control_1.jpg,tortilla_1.jpg,0.5,0.01,0.01,0.01,0.5,0.01,true,1,18,6,middle,3,,false,14,false
wk2,1,36,3,6,1.0,drawer_1.jpg,piglet_1.jpg,rhinoceros_1.jpg,CAB,rhinoceros_1.jpg,drawer_1.jpg,piglet_1.jpg,1.0,0.01,0.01,0.01,1.0,0.01,true,1,18,3,middle,3,,false,14,false
wk2,1,37,3,1,0.5,drawer_1.jpg,piglet_1.jpg,rhinoceros_1.jpg,CAB,rhinoceros_1.jpg,drawer_1.jpg,piglet_1.jpg,0.5,0.01,0.01,0.01,0.5,0.01,true,1,19,3,middle,3,,false,14,false
wk2,1,38,8,6,1.0,handprint_1.jpg,peeler_1.jpg,smoothie_1.jpg,ABC,handprint_1.jpg,peeler_1.jpg,smoothie_1.jpg,1.0,0.01,0.01,1.0,0.01,0.01,true,1,18,8,left,3,,false,14,false
wk2,1,39,3,2,1.0,drawer_1.jpg,piglet_1.jpg,rhinoceros_1.jpg,CAB,rhinoceros_1.jpg,drawer_1.jpg,piglet_1.jpg,1.0,0.01,0.01,0.01,1.0,0.01,true,1,20,3,middle,3,,false,14,false
wk2,1,40,8,2,1.0,handprint_1.jpg,peeler_1.jpg,smoothie_1.jpg,ABC,handprint_1.jpg,peeler_1.jpg,smoothie_1.jpg,1.0,0.01,0.01,1.0,0.01,0.01,true,1,19,8,left,3,,false,14,false
wk2,1,41,7,8,1.0,shrimp_1.jpg,piecrust_1.jpg,carrot_1.jpg,BCA,piecrust_1.jpg,carrot_1.jpg,shrimp_1.jpg,1.0,0.01,0.01,0.01,0.01,1.0,true,1,18,7,right,3,,false,14,false
wk2,1,42,3,3,1.0,drawer_1.jpg,piglet_1.jpg,rhinoceros_1.jpg,CAB,rhinoceros_1.jpg,drawer_1.jpg,piglet_1.jpg,1.0,0.01,0.01,0.01,1.0,0.01,true,1,21,3,middle,3,,false,14,false
wk2,1,43,9,9,1.0,cookie_cutter_1.jpg,dishwashing_liquid_1.jpg,egg_1.jpg,BCA,dishwashing_liquid_1.jpg,egg_1.jpg,cookie_cutter_1.jpg,1.0,0.01,0.01,0.01,0.01,1.0,true,1,18,9,right,3,,false,14,false
wk2,1,44,6,9,1.0,remote_control_1.jpg,tortilla_1.jpg,soap_1.jpg,CAB,soap_1.jpg,remote_control_1.jpg,tortilla_1.jpg,1.0,0.01,0.01,0.01,1.0,0.01,true,1,19,6,middle,3,,false,14,false
wk2,1,45,9,2,1.0,cookie_cutter_1.jpg,dishwashing_liquid_1.jpg,egg_1.jpg,BCA,dishwashing_liquid_1.jpg,egg_1.jpg,cookie_cutter_1.jpg,1.0,0.01,0.01,0.01,0.01,1.0,true,1,19,9,right,3,,false,14,false
wk2,1,46,8,6,1.0,handprint_1.jpg,peeler_1.jpg,smoothie_1.jpg,ABC,handprint_1.jpg,peeler_1.jpg,smoothie_1.jpg,1.0,0.01,0.01,1.0,0.01,0.01,true,1,20,8,left,3,,false,14,false
wk2,1,47,7,6,1.0,shrimp_1.jpg,piecrust_1.jpg,carrot_1.jpg,BCA,piecrust_1.jpg,carrot_1.jpg,shrimp_1.jpg,1.0,0.01,0.01,0.01,0.01,1.0,true,1,19,7,right,3,,false,14,false
wk2,1,48,3,6,1.0,drawer_1.jpg,piglet_1.jpg,rhinoceros_1.jpg,CAB,rhinoceros_1.jpg,drawer_1.jpg,piglet_1.jpg,1.0,0.01,0.01,0.01,1.0,0.01,true,1,22,3,middle,3,,false,14,false
wk2,1,49,7,2,1.0,shrimp_1.jpg,piecrust_1.jpg,carrot_1.jpg,BCA,piecrust_1.jpg,carrot_1.jpg,shrimp_1.jpg,1.0,0.01,0.01,0.01,0.01,1.0,true,1,20,7,right,3,,false,14,false
wk2,1,50,3,2,1.0,drawer_1.jpg,piglet_1.jpg,rhinoceros_1.jpg,CAB,rhinoceros_1.jpg,drawer_1.jpg,piglet_1.jpg,1.0,0.01,0.01,0.01,1.0,0.01,true,1,23,3,middle,3,,false,14,false
wk2,1,51,6,7,1.0,remote_control_1.jpg,tortilla_1.jpg,soap_1.jpg,CAB,soap_1.jpg,remote_control_1.jpg,tortilla_1.jpg,1.0,0.01,0.01,0.01,1.0,0.01,true,1,20,6,middle,3,,false,14,false
wk2,1,52,9,7,1.0,cookie_cutter_1.jpg,dishwashing_liquid_1.jpg,egg_1.jpg,BCA,dishwashing_liquid_1.jpg,egg_1.jpg,cookie_cutter_1.jpg,1.0,0.01,0.01,0.01,0.01,1.0,true,1,20,9,right,3,,false,14,false
wk2,1,53,6,2,1.0,remote_control_1.jpg,tortilla_1.jpg,soap_1.jpg,CAB,soap_1.jpg,remote_control_1.jpg,tortilla_1.jpg,1.0,0.01,0.01,0.01,1.0,0.01,true,1,21,6,middle,3,,false,14,false
wk2,1,54,8,8,0.5,handprint_1.jpg,peeler_1.jpg,smoothie_1.jpg,ABC,handprint_1.jpg,peeler_1.jpg,smoothie_1.jpg,0.5,0.01,0.01,0.5,0.01,0.01,true,1,21,8,left,3,,false,14,false
wk2,1,55,7,6,1.0,shrimp_1.jpg,piecrust_1.jpg,carrot_1.jpg,BCA,piecrust_1.jpg,carrot_1.jpg,shrimp_1.jpg,1.0,0.01,0.01,0.01,0.01,1.0,true,1,21,7,right,3,,false,14,false
wk2,1,56,7,1,1.0,shrimp_1.jpg,piecrust_1.jpg,carrot_1.jpg,BCA,piecrust_1.jpg,carrot_1.jpg,shrimp_1.jpg,1.0,0.01,0.01,0.01,0.01,1.0,true,1,22,7,right,3,,false,14,false
wk2,1,57,3,7,1.0,drawer_1.jpg,piglet_1.jpg,rhinoceros_1.jpg,CAB,rhinoceros_1.jpg,drawer_1.jpg,piglet_1.jpg,1.0,0.01,0.01,0.01,1.0,0.01,true,1,24,3,middle,3,,false,14,false
wk2,1,58,10,0,1.0,trombone_1.jpg,xylophone_1.jpg,snorkel_1.jpg,ABC,trombone_1.jpg,xylophone_1.jpg,snorkel_1.jpg,1.0,0.01,0.01,1.0,0.01,0.01,true,1,8,10,left,3,,false,14,false
wk2,1,59,7,3,1.0,shrimp_1.jpg,piecrust_1.jpg,carrot_1.jpg,BCA,piecrust_1.jpg,carrot_1.jpg,shrimp_1.jpg,1.0,0.01,0.01,0.01,0.01,1.0,true,1,23,7,right,3,,false,14,false
wk2,1,60,9,8,0.5,cookie_cutter_1.jpg,dishwashing_liquid_1.jpg,egg_1.jpg,BCA,dishwashing_liquid_1.jpg,egg_1.jpg,cookie_cutter_1.jpg,0.5,0.01,0.01,0.01,0.01,0.5,true,1,21,9,right,3,,false,14,false
wk2,1,61,8,7,1.0,handprint_1.jpg,peeler_1.jpg,smoothie_1.jpg,ABC,handprint_1.jpg,peeler_1.jpg,smoothie_1.jpg,1.0,0.01,0.01,1.0,0.01,0.01,true,1,22,8,left,3,,false,14,false
wk2,1,62,9,2,1.0,cookie_cutter_1.jpg,dishwashing_liquid_1.jpg,egg_1.jpg,BCA,dishwashing_liquid_1.jpg,egg_1.jpg,cookie_cutter_1.jpg,1.0,0.01,0.01,0.01,0.01,1.0,true,1,22,9,right,3,,false,14,false
wk2,1,63,10,5,0.5,trombone_1.jpg,xylophone_1.jpg,snorkel_1.jpg,ABC,trombone_1.jpg,xylophone_1.jpg,snorkel_1.jpg,0.5,0.01,0.01,0.5,0.01,0.01,true,1,9,10,left,3,,false,14,false
wk2,1,64,6,11,1.0,remote_control_1.jpg,tortilla_1.jpg,soap_1.jpg,CAB,soap_1.jpg,remote_control_1.jpg,tortilla_1.jpg,1.0,0.01,0.01,0.01,1.0,0.01,true,1,22,6,middle,3,,false,14,false
wk2,1,65,7,6,1.0,shrimp_1.jpg,piecrust_1.jpg,carrot_1.jpg,BCA,piecrust_1.jpg,carrot_1.jpg,shrimp_1.jpg,1.0,0.01,0.01,0.01,0.01,1.0,true,1,24,7,right,3,,false,14,false
wk2,1,66,11,0,1.0,biscuit_1.jpg,harness_1.jpg,sausage_1.jpg,ABC,biscuit_1.jpg,harness_1.jpg,sausage_1.jpg,1.0,0.01,0.01,1.0,0.01,0.01,true,1,13,11,left,3,,false,14,false
wk2,1,67,11,1,1.0,biscuit_1.jpg,harness_1.jpg,sausage_1.jpg,ABC,biscuit_1.jpg,harness_1.jpg,sausage_1.jpg,1.0,0.01,0.01,1.0,0.01,0.01,true,1,14,11,left,3,,false,14,false
wk2,1,68,6,4,1.0,remote_control_1.jpg,tortilla_1.jpg,soap_1.jpg,CAB,soap_1.jpg,remote_control_1.jpg,tortilla_1.jpg,1.0,0.01,0.01,0.01,1.0,0.01,true,1,23,6,middle,3,,false,14,false
wk2,1,69,8,8,0.5,handprint_1.jpg,peeler_1.jpg,smoothie_1.jpg,ABC,handprint_1.jpg,peeler_1.jpg,smoothie_1.jpg,0.5,0.01,0.01,0.5,0.01,0.01,true,1,23,8,left,3,,false,14,false
wk2,1,70,10,7,1.0,trombone_1.jpg,xylophone_1.jpg,snorkel_1.jpg,ABC,trombone_1.jpg,xylophone_1.jpg,snorkel_1.jpg,1.0,0.01,0.01,1.0,0.01,0.01,true,1,10,10,left,3,,false,14,false
wk2,1,71,9,9,1.0,cookie_cutter_1.jpg,dishwashing_liquid_1.jpg,egg_1.jpg,BCA,dishwashing_liquid_1.jpg,egg_1.jpg,cookie_cutter_1.jpg,1.0,0.01,0.01,0.01,0.01,1.0,true,1,23,9,right,3,,false,14,false
wk2,1,72,6,4,1.0,remote_control_1.jpg,tortilla_1.jpg,soap_1.jpg,CAB,soap_1.jpg,remote_control_1.jpg,tortilla_1.jpg,1.0,0.01,0.01,0.01,1.0,0.01,true,1,24,6,middle,3,,false,14,false
wk2,1,73,12,0,1.0,squeegee_1.jpg,broom_1.jpg,sprouts_1.jpg,BAC,broom_1.jpg,squeegee_1.jpg,sprouts_1.jpg,1.0,0.01,0.01,0.01,1.0,0.01,true,1,3,12,middle,3,,false,14,false
wk2,1,74,12,1,1.0,squeegee_1.jpg,broom_1.jpg,sprouts_1.jpg,BAC,broom_1.jpg,squeegee_1.jpg,sprouts_1.jpg,1.0,0.01,0.01,0.01,1.0,0.01,true,1,4,12,middle,3,,false,14,false
wk2,1,75,10,5,1.0,trombone_1.jpg,xylophone_1.jpg,snorkel_1.jpg,ABC,trombone_1.jpg,xylophone_1.jpg,snorkel_1.jpg,1.0,0.01,0.01,1.0,0.01,0.01,true,1,11,10,left,3,,false,14,false
wk2,1,76,11,9,1.0,biscuit_1.jpg,harness_1.jpg,sausage_1.jpg,ABC,biscuit_1.jpg,harness_1.jpg,sausage_1.jpg,1.0,0.01,0.01,1.0,0.01,0.01,true,1,15,11,left,3,,false,14,false
wk2,1,77,8,8,1.0,handprint_1.jpg,peeler_1.jpg,smoothie_1.jpg,ABC,handprint_1.jpg,peeler_1.jpg,smoothie_1.jpg,1.0,0.01,0.01,1.0,0.01,0.01,true,1,24,8,left,3,,false,14,false
wk2,1,78,13,0,1.0,wing_1.jpg,slide_1.jpg,fudge_1.jpg,BCA,slide_1.jpg,fudge_1.jpg,wing_1.jpg,1.0,0.01,0.01,0.01,0.01,1.0,true,1,9,13,right,3,,false,14,false
wk2,1,79,9,8,1.0,cookie_cutter_1.jpg,dishwashing_liquid_1.jpg,egg_1.jpg,BCA,dishwashing_liquid_1.jpg,egg_1.jpg,cookie_cutter_1.jpg,1.0,0.01,0.01,0.01,0.01,1.0,true,1,24,9,right,3,,false,14,false
wk2,1,80,14,0,1.0,lego_1.jpg,eggshell_1.jpg,faucet_1.jpg,BAC,eggshell_1.jpg,lego_1.jpg,faucet_1.jpg,1.0,0.01,0.01,0.01,1.0,0.01,true,1,11,14,middle,3,,false,14,false
wk2,1,81,14,1,1.0,lego_1.jpg,eggshell_1.jpg,faucet_1.jpg,BAC,eggshell_1.jpg,lego_1.jpg,faucet_1.jpg,1.0,0.01,0.01,0.01,1.0,0.01,true,1,12,14,middle,3,,false,14,false
wk2,1,82,13,4,0.5,wing_1.jpg,slide_1.jpg,fudge_1.jpg,BCA,slide_1.jpg,fudge_1.jpg,wing_1.jpg,0.5,0.01,0.01,0.01,0.01,0.5,true,1,10,13,right,3,,false,14,false
wk2,1,83,13,1,1.0,wing_1.jpg,slide_1.jpg,fudge_1.jpg,BCA,slide_1.jpg,fudge_1.jpg,wing_1.jpg,1.0,0.01,0.01,0.01,0.01,1.0,true,1,11,13,right,3,,false,14,false
wk2,1,84,14,3,0.5,lego_1.jpg,eggshell_1.jpg,faucet_1.jpg,BAC,eggshell_1.jpg,lego_1.jpg,faucet_1.jpg,0.5,0.01,0.01,0.01,0.5,0.01,true,1,13,14,middle,3,,false,14,false
wk2,1,85,11,9,1.0,biscuit_1.jpg,harness_1.jpg,sausage_1.jpg,ABC,biscuit_1.jpg,harness_1.jpg,sausage_1.jpg,1.0,0.01,0.01,1.0,0.01,0.01,true,1,16,11,left,3,,false,14,false
wk2,1,86,10,11,1.0,trombone_1.jpg,xylophone_1.jpg,snorkel_1.jpg,ABC,trombone_1.jpg,xylophone_1.jpg,snorkel_1.jpg,1.0,0.01,0.01,1.0,0.01,0.01,true,1,12,10,left,3,,false,14,false
wk2,1,87,13,4,1.0,wing_1.jpg,slide_1.jpg,fudge_1.jpg,BCA,slide_1.jpg,fudge_1.jpg,wing_1.jpg,1.0,0.01,0.01,0.01,0.01,1.0,true,1,12,13,right,3,,false,14,false
wk2,1,88,14,4,1.0,lego_1.jpg,eggshell_1.jpg,faucet_1.jpg,BAC,eggshell_1.jpg,lego_1.jpg,faucet_1.jpg,1.0,0.01,0.01,0.01,1.0,0.01,true,1,14,14,middle,3,,false,14,false
wk2,1,89,14,1,1.0,lego_1.jpg,eggshell_1.jpg,faucet_1.jpg,BAC,eggshell_1.jpg,lego_1.jpg,faucet_1.jpg,1.0,0.01,0.01,0.01,1.0,0.01,true,1,15,14,middle,3,,false,14,false
wk2,1,90,11,5,1.0,biscuit_1.jpg,harness_1.jpg,sausage_1.jpg,ABC,biscuit_1.jpg,harness_1.jpg,sausage_1.jpg,1.0,0.01,0.01,1.0,0.01,0.01,true,1,17,11,left,3,,false,14,false
wk2,1,91,10,5,1.0,trombone_1.jpg,xylophone_1.jpg,snorkel_1.jpg,ABC,trombone_1.jpg,xylophone_1.jpg,snorkel_1.jpg,1.0,0.01,0.01,1.0,0.01,0.01,true,1,13,10,left,3,,false,14,false
wk2,1,92,13,5,0.5,wing_1.jpg,slide_1.jpg,fudge_1.jpg,BCA,slide_1.jpg,fudge_1.jpg,wing_1.jpg,0.5,0.01,0.01,0.01,0.01,0.5,true,1,13,13,right,3,,false,14,false
wk2,1,93,14,4,1.0,lego_1.jpg,eggshell_1.jpg,faucet_1.jpg,BAC,eggshell_1.jpg,lego_1.jpg,faucet_1.jpg,1.0,0.01,0.01,0.01,1.0,0.01,true,1,16,14,middle,3,,false,14,false
wk2,1,94,11,4,0.5,biscuit_1.jpg,harness_1.jpg,sausage_1.jpg,ABC,biscuit_1.jpg,harness_1.jpg,sausage_1.jpg,0.5,0.01,0.01,0.5,0.01,0.01,true,1,18,11,left,3,,false,14,false
wk2,1,95,14,2,0.5,lego_1.jpg,eggshell_1.jpg,faucet_1.jpg,BAC,eggshell_1.jpg,lego_1.jpg,faucet_1.jpg,0.5,0.01,0.01,0.01,0.5,0.01,true,1,17,14,middle,3,,false,14,false
wk2,1,96,13,4,1.0,wing_1.jpg,slide_1.jpg,fudge_1.jpg,BCA,slide_1.jpg,fudge_1.jpg,wing_1.jpg,1.0,0.01,0.01,0.01,0.01,1.0,true,1,14,13,right,3,,false,14,false
wk2,1,97,11,3,1.0,biscuit_1.jpg,harness_1.jpg,sausage_1.jpg,ABC,biscuit_1.jpg,harness_1.jpg,sausage_1.jpg,1.0,0.01,0.01,1.0,0.01,0.01,true,1,19,11,left,3,,false,14,false
wk2,1,98,11,1,1.0,biscuit_1.jpg,harness_1.jpg,sausage_1.jpg,ABC,biscuit_1.jpg,harness_1.jpg,sausage_1.jpg,1.0,0.01,0.01,1.0,0.01,0.01,true,1,20,11,left,3,,false,14,false
wk2,1,99,10,8,1.0,trombone_1.jpg,xylophone_1.jpg,snorkel_1.jpg,ABC,trombone_1.jpg,xylophone_1.jpg,snorkel_1.jpg,1.0,0.01,0.01,1.0,0.01,0.01,true,1,14,10,left,3,,false,14,false
wk2,1,100,14,5,1.0,lego_1.jpg,eggshell_1.jpg,faucet_1.jpg,BAC,eggshell_1.jpg,lego_1.jpg,faucet_1.jpg,1.0,0.01,0.01,0.01,1.0,0.01,true,1,18,14,middle,3,,false,14,false
wk2,1,101,11,3,1.0,biscuit_1.jpg,harness_1.jpg,sausage_1.jpg,ABC,biscuit_1.jpg,harness_1.jpg,sausage_1.jpg,1.0,0.01,0.01,1.0,0.01,0.01,true,1,21,11,left,3,,false,14,false
wk2,1,102,14,2,1.0,lego_1.jpg,eggshell_1.jpg,faucet_1.jpg,BAC,eggshell_1.jpg,lego_1.jpg,faucet_1.jpg,1.0,0.01,0.01,0.01,1.0,0.01,true,1,19,14,middle,3,,false,14,false
wk2,1,103,11,2,1.0,biscuit_1.jpg,harness_1.jpg,sausage_1.jpg,ABC,biscuit_1.jpg,harness_1.jpg,sausage_1.jpg,1.0,0.01,0.01,1.0,0.01,0.01,true,1,22,11,left,3,,false,14,false
wk2,1,104,13,8,1.0,wing_1.jpg,slide_1.jpg,fudge_1.jpg,BCA,slide_1.jpg,fudge_1.jpg,wing_1.jpg,1.0,0.01,0.01,0.01,0.01,1.0,true,1,15,13,right,3,,false,14,false
wk2,1,105,11,2,1.0,biscuit_1.jpg,harness_1.jpg,sausage_1.jpg,ABC,biscuit_1.jpg,harness_1.jpg,sausage_1.jpg,1.0,0.01,0.01,1.0,0.01,0.01,true,1,23,11,left,3,,false,14,false
wk2,1,106,14,4,1.0,lego_1.jpg,eggshell_1.jpg,faucet_1.jpg,BAC,eggshell_1.jpg,lego_1.jpg,faucet_1.jpg,1.0,0.01,0.01,0.01,1.0,0.01,true,1,20,14,middle,3,,false,14,false
wk2,1,107,13,3,1.0,wing_1.jpg,slide_1.jpg,fudge_1.jpg,BCA,slide_1.jpg,fudge_1.jpg,wing_1.jpg,1.0,0.01,0.01,0.01,0.01,1.0,true,1,16,13,right,3,,false,14,false
wk2,1,108,11,3,0.5,biscuit_1.jpg,harness_1.jpg,sausage_1.jpg,ABC,biscuit_1.jpg,harness_1.jpg,sausage_1.jpg,0.5,0.01,0.01,0.5,0.01,0.01,true,1,24,11,left,3,,false,14,false
wk4,1,1,1,1,1.0,air_conditioner_1.jpg,scraper_1.jpg,footprint_1.jpg,ABC,air_conditioner_1.jpg,scraper_1.jpg,footprint_1.jpg,1.0,0.01,0.01,1.0,0.01,0.01,true,1,9,1,left,3,,false,14,false
wk4,1,2,1,1,0.5,air_conditioner_1.jpg,scraper_1.jpg,footprint_1.jpg,ABC,air_conditioner_1.jpg,scraper_1.jpg,footprint_1.jpg,0.5,0.01,0.01,0.5,0.01,0.01,true,1,10,1,left,3,,false,14,false
wk4,1,3,1,1,1.0,air_conditioner_1.jpg,scraper_1.jpg,footprint_1.jpg,ABC,air_conditioner_1.jpg,scraper_1.jpg,footprint_1.jpg,1.0,0.01,0.01,1.0,0.01,0.01,true,1,11,1,left,3,,false,14,false
wk4,1,4,1,1,1.0,air_conditioner_1.jpg,scraper_1.jpg,footprint_1.jpg,ABC,air_conditioner_1.jpg,scraper_1.jpg,footprint_1.jpg,1.0,0.01,0.01,1.0,0.01,0.01,true,1,12,1,left,3,,false,14,false
wk4,1,5,2,0,1.0,tamale_1.jpg,dalmatian_1.jpg,horseshoe_1.jpg,CAB,horseshoe_1.jpg,tamale_1.jpg,dalmatian_1.jpg,1.0,0.01,0.01,0.01,1.0,0.01,true,1,5,2,middle,3,,false,14,false
wk4,1,6,3,0,0.5,locker_1.jpg,fox_1.jpg,toothpick_1.jpg,CBA,toothpick_1.jpg,fox_1.jpg,locker_1.jpg,0.5,0.01,0.01,0.01,0.01,0.5,true,1,25,3,right,3,,false,14,false
wk4,1,7,3,1,1.0,locker_1.jpg,fox_1.jpg,toothpick_1.jpg,CBA,toothpick_1.jpg,fox_1.jpg,locker_1.jpg,1.0,0.01,0.01,0.01,0.01,1.0,true,1,26,3,right,3,,false,14,false
wk4,1,8,4,0,1.0,ramp_1.jpg,space_shuttle_1.jpg,vending_machine_1.jpg,BCA,space_shuttle_1.jpg,vending_machine_1.jpg,ramp_1.jpg,1.0,0.01,0.01,0.01,0.01,1.0,true,1,5,4,right,3,,false,14,false
wk4,1,9,2,4,1.0,tamale_1.jpg,dalmatian_1.jpg,horseshoe_1.jpg,CAB,horseshoe_1.jpg,tamale_1.jpg,dalmatian_1.jpg,1.0,0.01,0.01,0.01,1.0,0.01,true,1,6,2,middle,3,,false,14,false
wk4,1,10,5,0,1.0,harp_1.jpg,wig_1.jpg,spider_web_1.jpg,ACB,harp_1.jpg,spider_web_1.jpg,wig_1.jpg,1.0,0.01,0.01,1.0,0.01,0.01,true,1,3,5,left,3,,false,14,false
wk4,1,11,6,0,1.0,windsock_1.jpg,chihuahua_1.jpg,rug_1.jpg,ABC,windsock_1.jpg,chihuahua_1.jpg,rug_1.jpg,1.0,0.01,0.01,1.0,0.01,0.01,true,1,25,6,left,3,,false,14,false
wk4,1,12,3,5,1.0,locker_1.jpg,fox_1.jpg,toothpick_1.jpg,CBA,toothpick_1.jpg,fox_1.jpg,locker_1.jpg,1.0,0.01,0.01,0.01,0.01,1.0,true,1,27,3,right,3,,false,14,false
wk4,1,13,7,0,1.0,diamond_1.jpg,block_1.jpg,go-kart_1.jpg,CAB,go-kart_1.jpg,diamond_1.jpg,block_1.jpg,1.0,0.01,0.01,0.01,1.0,0.01,true,1,25,7,middle,3,,false,14,false
wk4,1,14,4,6,1.0,ramp_1.jpg,space_shuttle_1.jpg,vending_machine_1.jpg,BCA,space_shuttle_1.jpg,vending_machine_1.jpg,ramp_1.jpg,1.0,0.01,0.01,0.01,0.01,1.0,true,1,6,4,right,3,,false,14,false
wk4,1,15,8,0,1.0,pepper2_1.jpg,sugar_cube_1.jpg,yarn_1.jpg,BCA,sugar_cube_1.jpg,yarn_1.jpg,pepper2_1.jpg,1.0,0.01,0.01,0.01,0.01,1.0,true,1,25,8,right,3,,false,14,false
wk4,1,16,9,0,1.0,seesaw_1.jpg,bib_1.jpg,brush_1.jpg,ABC,seesaw_1.jpg,bib_1.jpg,brush_1.jpg,1.0,0.01,0.01,1.0,0.01,0.01,true,1,25,9,left,3,,false,14,false
wk4,1,17,6,6,0.5,windsock_1.jpg,chihuahua_1.jpg,rug_1.jpg,ABC,windsock_1.jpg,chihuahua_1.jpg,rug_1.jpg,0.5,0.01,0.01,0.5,0.01,0.01,true,1,26,6,left,3,,false,14,false
wk4,1,18,8,3,1.0,pepper2_1.jpg,sugar_cube_1.jpg,yarn_1.jpg,BCA,sugar_cube_1.jpg,yarn_1.jpg,pepper2_1.jpg,1.0,0.01,0.01,0.01,0.01,1.0,true,1,26,8,right,3,,false,14,false
wk4,1,19,3,7,1.0,locker_1.jpg,fox_1.jpg,toothpick_1.jpg,CBA,toothpick_1.jpg,fox_1.jpg,locker_1.jpg,1.0,0.01,0.01,0.01,0.01,1.0,true,1,28,3,right,3,,false,14,false
wk4,1,20,6,3,1.0,windsock_1.jpg,chihuahua_1.jpg,rug_1.jpg,ABC,windsock_1.jpg,chihuahua_1.jpg,rug_1.jpg,1.0,0.01,0.01,1.0,0.01,0.01,true,1,27,6,left,3,,false,14,false
wk4,1,21,9,5,1.0,seesaw_1.jpg,bib_1.jpg,brush_1.jpg,ABC,seesaw_1.jpg,bib_1.jpg,brush_1.jpg,1.0,0.01,0.01,1.0,0.01,0.01,true,1,26,9,left,3,,false,14,false
wk4,1,22,7,9,1.0,diamond_1.jpg,block_1.jpg,go-kart_1.jpg,CAB,go-kart_1.jpg,diamond_1.jpg,block_1.jpg,1.0,0.01,0.01,0.01,1.0,0.01,true,1,26,7,middle,3,,false,14,false
wk4,1,23,8,5,1.0,pepper2_1.jpg,sugar_cube_1.jpg,yarn_1.jpg,BCA,sugar_cube_1.jpg,yarn_1.jpg,pepper2_1.jpg,1.0,0.01,0.01,0.01,0.01,1.0,true,1,27,8,right,3,,false,14,false
wk4,1,24,6,4,1.0,windsock_1.jpg,chihuahua_1.jpg,rug_1.jpg,ABC,windsock_1.jpg,chihuahua_1.jpg,rug_1.jpg,1.0,0.01,0.01,1.0,0.01,0.01,true,1,28,6,left,3,,false,14,false
wk4,1,25,7,3,0.5,diamond_1.jpg,block_1.jpg,go-kart_1.jpg,CAB,go-kart_1.jpg,diamond_1.jpg,block_1.jpg,0.5,0.01,0.01,0.01,0.5,0.01,true,1,27,7,middle,3,,false,14,false
wk4,1,26,9,5,1.0,seesaw_1.jpg,bib_1.jpg,brush_1.jpg,ABC,seesaw_1.jpg,bib_1.jpg,brush_1.jpg,1.0,0.01,0.01,1.0,0.01,0.01,true,1,27,9,left,3,,false,14,false
wk4,1,27,8,4,1.0,pepper2_1.jpg,sugar_cube_1.jpg,yarn_1.jpg,BCA,sugar_cube_1.jpg,yarn_1.jpg,pepper2_1.jpg,1.0,0.01,0.01,0.01,0.01,1.0,true,1,28,8,right,3,,false,14,false
wk4,1,28,9,2,0.5,seesaw_1.jpg,bib_1.jpg,brush_1.jpg,ABC,seesaw_1.jpg,bib_1.jpg,brush_1.jpg,0.5,0.01,0.01,0.5,0.01,0.01,true,1,28,9,left,3,,false,14,false
wk4,1,29,6,5,1.0,windsock_1.jpg,chihuahua_1.jpg,rug_1.jpg,ABC,windsock_1.jpg,chihuahua_1.jpg,rug_1.jpg,1.0,0.01,0.01,1.0,0.01,0.01,true,1,29,6,left,3,,false,14,false
wk4,1,30,3,11,1.0,locker_1.jpg,fox_1.jpg,toothpick_1.jpg,CBA,toothpick_1.jpg,fox_1.jpg,locker_1.jpg,1.0,0.01,0.01,0.01,0.01,1.0,true,1,29,3,right,3,,false,14,false
wk4,1,31,7,6,1.0,diamond_1.jpg,block_1.jpg,go-kart_1.jpg,CAB,go-kart_1.jpg,diamond_1.jpg,block_1.jpg,1.0,0.01,0.01,0.01,1.0,0.01,true,1,28,7,middle,3,,false,14,false
wk4,1,32,8,5,1.0,pepper2_1.jpg,sugar_cube_1.jpg,yarn_1.jpg,BCA,sugar_cube_1.jpg,yarn_1.jpg,pepper2_1.jpg,1.0,0.01,0.01,0.01,0.01,1.0,true,1,29,8,right,3,,false,14,false
wk4,1,33,7,2,0.5,diamond_1.jpg,block_1.jpg,go-kart_1.jpg,CAB,go-kart_1.jpg,diamond_1.jpg,block_1.jpg,0.5,0.01,0.01,0.01,0.5,0.01,true,1,29,7,middle,3,,false,14,false
wk4,1,34,9,6,1.0,seesaw_1.jpg,bib_1.jpg,brush_1.jpg,ABC,seesaw_1.jpg,bib_1.jpg,brush_1.jpg,1.0,0.01,0.01,1.0,0.01,0.01,true,1,29,9,left,3,,false,14,false
wk4,1,35,6,6,0.5,windsock_1.jpg,chihuahua_1.jpg,rug_1.jpg,ABC,windsock_1.jpg,chihuahua_1.jpg,rug_1.jpg,0.5,0.01,0.01,0.5,0.01,0.01,true,1,30,6,left,3,,false,14,false
wk4,1,36,3,6,1.0,locker_1.jpg,fox_1.jpg,toothpick_1.jpg,CBA,toothpick_1.jpg,fox_1.jpg,locker_1.jpg,1.0,0.01,0.01,0.01,0.01,1.0,true,1,30,3,right,3,,false,14,false
wk4,1,37,3,1,0.5,locker_1.jpg,fox_1.jpg,toothpick_1.jpg,CBA,toothpick_1.jpg,fox_1.jpg,locker_1.jpg,0.5,0.01,0.01,0.01,0.01,0.5,true,1,31,3,right,3,,false,14,false
wk4,1,38,8,6,1.0,pepper2_1.jpg,sugar_cube_1.jpg,yarn_1.jpg,BCA,sugar_cube_1.jpg,yarn_1.jpg,pepper2_1.jpg,1.0,0.01,0.01,0.01,0.01,1.0,true,1,30,8,right,3,,false,14,false
wk4,1,39,3,2,1.0,locker_1.jpg,fox_1.jpg,toothpick_1.jpg,CBA,toothpick_1.jpg,fox_1.jpg,locker_1.jpg,1.0,0.01,0.01,0.01,0.01,1.0,true,1,32,3,right,3,,false,14,false
wk4,1,40,8,2,1.0,pepper2_1.jpg,sugar_cube_1.jpg,yarn_1.jpg,BCA,sugar_cube_1.jpg,yarn_1.jpg,pepper2_1.jpg,1.0,0.01,0.01,0.01,0.01,1.0,true,1,31,8,right,3,,false,14,false
wk4,1,41,7,8,1.0,diamond_1.jpg,block_1.jpg,go-kart_1.jpg,CAB,go-kart_1.jpg,diamond_1.jpg,block_1.jpg,1.0,0.01,0.01,0.01,1.0,0.01,true,1,30,7,middle,3,,false,14,false
wk4,1,42,3,3,1.0,locker_1.jpg,fox_1.jpg,toothpick_1.jpg,CBA,toothpick_1.jpg,fox_1.jpg,locker_1.jpg,1.0,0.01,0.01,0.01,0.01,1.0,true,1,33,3,right,3,,false,14,false
wk4,1,43,9,9,1.0,seesaw_1.jpg,bib_1.jpg,brush_1.jpg,ABC,seesaw_1.jpg,bib_1.jpg,brush_1.jpg,1.0,0.01,0.01,1.0,0.01,0.01,true,1,30,9,left,3,,false,14,false
wk4,1,44,6,9,1.0,windsock_1.jpg,chihuahua_1.jpg,rug_1.jpg,ABC,windsock_1.jpg,chihuahua_1.jpg,rug_1.jpg,1.0,0.01,0.01,1.0,0.01,0.01,true,1,31,6,left,3,,false,14,false
wk4,1,45,9,2,1.0,seesaw_1.jpg,bib_1.jpg,brush_1.jpg,ABC,seesaw_1.jpg,bib_1.jpg,brush_1.jpg,1.0,0.01,0.01,1.0,0.01,0.01,true,1,31,9,left,3,,false,14,false
wk4,1,46,8,6,1.0,pepper2_1.jpg,sugar_cube_1.jpg,yarn_1.jpg,BCA,sugar_cube_1.jpg,yarn_1.jpg,pepper2_1.jpg,1.0,0.01,0.01,0.01,0.01,1.0,true,1,32,8,right,3,,false,14,false
wk4,1,47,7,6,1.0,diamond_1.jpg,block_1.jpg,go-kart_1.jpg,CAB,go-kart_1.jpg,diamond_1.jpg,block_1.jpg,1.0,0.01,0.01,0.01,1.0,0.01,true,1,31,7,middle,3,,false,14,false
wk4,1,48,3,6,1.0,locker_1.jpg,fox_1.jpg,toothpick_1.jpg,CBA,toothpick_1.jpg,fox_1.jpg,locker_1.jpg,1.0,0.01,0.01,0.01,0.01,1.0,true,1,34,3,right,3,,false,14,false
wk4,1,49,7,2,1.0,diamond_1.jpg,block_1.jpg,go-kart_1.jpg,CAB,go-kart_1.jpg,diamond_1.jpg,block_1.jpg,1.0,0.01,0.01,0.01,1.0,0.01,true,1,32,7,middle,3,,false,14,false
wk4,1,50,3,2,1.0,locker_1.jpg,fox_1.jpg,toothpick_1.jpg,CBA,toothpick_1.jpg,fox_1.jpg,locker_1.jpg,1.0,0.01,0.01,0.01,0.01,1.0,true,1,35,3,right,3,,false,14,false
wk4,1,51,6,7,1.0,windsock_1.jpg,chihuahua_1.jpg,rug_1.jpg,ABC,windsock_1.jpg,chihuahua_1.jpg,rug_1.jpg,1.0,0.01,0.01,1.0,0.01,0.01,true,1,32,6,left,3,,false,14,false
wk4,1,52,9,7,1.0,seesaw_1.jpg,bib_1.jpg,brush_1.jpg,ABC,seesaw_1.jpg,bib_1.jpg,brush_1.jpg,1.0,0.01,0.01,1.0,0.01,0.01,true,1,32,9,left,3,,false,14,false
wk4,1,53,6,2,1.0,windsock_1.jpg,chihuahua_1.jpg,rug_1.jpg,ABC,windsock_1.jpg,chihuahua_1.jpg,rug_1.jpg,1.0,0.01,0.01,1.0,0.01,0.01,true,1,33,6,left,3,,false,14,false
wk4,1,54,8,8,0.5,pepper2_1.jpg,sugar_cube_1.jpg,yarn_1.jpg,BCA,sugar_cube_1.jpg,yarn_1.jpg,pepper2_1.jpg,0.5,0.01,0.01,0.01,0.01,0.5,true,1,33,8,right,3,,false,14,false
wk4,1,55,7,6,1.0,diamond_1.jpg,block_1.jpg,go-kart_1.jpg,CAB,go-kart_1.jpg,diamond_1.jpg,block_1.jpg,1.0,0.01,0.01,0.01,1.0,0.01,true,1,33,7,middle,3,,false,14,false
wk4,1,56,7,1,1.0,diamond_1.jpg,block_1.jpg,go-kart_1.jpg,CAB,go-kart_1.jpg,diamond_1.jpg,block_1.jpg,1.0,0.01,0.01,0.01,1.0,0.01,true,1,34,7,middle,3,,false,14,false
wk4,1,57,3,7,1.0,locker_1.jpg,fox_1.jpg,toothpick_1.jpg,CBA,toothpick_1.jpg,fox_1.jpg,locker_1.jpg,1.0,0.01,0.01,0.01,0.01,1.0,true,1,36,3,right,3,,false,14,false
wk4,1,58,10,0,1.0,pencil_1.jpg,pallet_1.jpg,ice_pack_1.jpg,ABC,pencil_1.jpg,pallet_1.jpg,ice_pack_1.jpg,1.0,0.01,0.01,1.0,0.01,0.01,true,1,15,10,left,3,,false,14,false
wk4,1,59,7,3,1.0,diamond_1.jpg,block_1.jpg,go-kart_1.jpg,CAB,go-kart_1.jpg,diamond_1.jpg,block_1.jpg,1.0,0.01,0.01,0.01,1.0,0.01,true,1,35,7,middle,3,,false,14,false
wk4,1,60,9,8,0.5,seesaw_1.jpg,bib_1.jpg,brush_1.jpg,ABC,seesaw_1.jpg,bib_1.jpg,brush_1.jpg,0.5,0.01,0.01,0.5,0.01,0.01,true,1,33,9,left,3,,false,14,false
wk4,1,61,8,7,1.0,pepper2_1.jpg,sugar_cube_1.jpg,yarn_1.jpg,BCA,sugar_cube_1.jpg,yarn_1.jpg,pepper2_1.jpg,1.0,0.01,0.01,0.01,0.01,1.0,true,1,34,8,right,3,,false,14,false
wk4,1,62,9,2,1.0,seesaw_1.jpg,bib_1.jpg,brush_1.jpg,ABC,seesaw_1.jpg,bib_1.jpg,brush_1.jpg,1.0,0.01,0.01,1.0,0.01,0.01,true,1,34,9,left,3,,false,14,false
wk4,1,63,10,5,0.5,pencil_1.jpg,pallet_1.jpg,ice_pack_1.jpg,ABC,pencil_1.jpg,pallet_1.jpg,ice_pack_1.jpg,0.5,0.01,0.01,0.5,0.01,0.01,true,1,16,10,left,3,,false,14,false
wk4,1,64,6,11,1.0,windsock_1.jpg,chihuahua_1.jpg,rug_1.jpg,ABC,windsock_1.jpg,chihuahua_1.jpg,rug_1.jpg,1.0,0.01,0.01,1.0,0.01,0.01,true,1,34,6,left,3,,false,14,false
wk4,1,65,7,6,1.0,diamond_1.jpg,block_1.jpg,go-kart_1.jpg,CAB,go-kart_1.jpg,diamond_1.jpg,block_1.jpg,1.0,0.01,0.01,0.01,1.0,0.01,true,1,36,7,middle,3,,false,14,false
wk4,1,66,11,0,1.0,popsicle_1.jpg,coal_1.jpg,cd_player_1.jpg,CAB,cd_player_1.jpg,popsicle_1.jpg,coal_1.jpg,1.0,0.01,0.01,0.01,1.0,0.01,true,1,25,11,middle,3,,false,14,false
wk4,1,67,11,1,1.0,popsicle_1.jpg,coal_1.jpg,cd_player_1.jpg,CAB,cd_player_1.jpg,popsicle_1.jpg,coal_1.jpg,1.0,0.01,0.01,0.01,1.0,0.01,true,1,26,11,middle,3,,false,14,false
wk4,1,68,6,4,1.0,windsock_1.jpg,chihuahua_1.jpg,rug_1.jpg,ABC,windsock_1.jpg,chihuahua_1.jpg,rug_1.jpg,1.0,0.01,0.01,1.0,0.01,0.01,true,1,35,6,left,3,,false,14,false
wk4,1,69,8,8,0.5,pepper2_1.jpg,sugar_cube_1.jpg,yarn_1.jpg,BCA,sugar_cube_1.jpg,yarn_1.jpg,pepper2_1.jpg,0.5,0.01,0.01,0.01,0.01,0.5,true,1,35,8,right,3,,false,14,false
wk4,1,70,10,7,1.0,pencil_1.jpg,pallet_1.jpg,ice_pack_1.jpg,ABC,pencil_1.jpg,pallet_1.jpg,ice_pack_1.jpg,1.0,0.01,0.01,1.0,0.01,0.01,true,1,17,10,left,3,,false,14,false
wk4,1,71,9,9,1.0,seesaw_1.jpg,bib_1.jpg,brush_1.jpg,ABC,seesaw_1.jpg,bib_1.jpg,brush_1.jpg,1.0,0.01,0.01,1.0,0.01,0.01,true,1,35,9,left,3,,false,14,false
wk4,1,72,6,4,1.0,windsock_1.jpg,chihuahua_1.jpg,rug_1.jpg,ABC,windsock_1.jpg,chihuahua_1.jpg,rug_1.jpg,1.0,0.01,0.01,1.0,0.01,0.01,true,1,36,6,left,3,,false,14,false
wk4,1,73,12,0,1.0,hairbrush_1.jpg,fern_1.jpg,elephant_1.jpg,BCA,fern_1.jpg,elephant_1.jpg,hairbrush_1.jpg,1.0,0.01,0.01,0.01,0.01,1.0,true,1,5,12,right,3,,false,14,false
wk4,1,74,12,1,1.0,hairbrush_1.jpg,fern_1.jpg,elephant_1.jpg,BCA,fern_1.jpg,elephant_1.jpg,hairbrush_1.jpg,1.0,0.01,0.01,0.01,0.01,1.0,true,1,6,12,right,3,,false,14,false
wk4,1,75,10,5,1.0,pencil_1.jpg,pallet_1.jpg,ice_pack_1.jpg,ABC,pencil_1.jpg,pallet_1.jpg,ice_pack_1.jpg,1.0,0.01,0.01,1.0,0.01,0.01,true,1,18,10,left,3,,false,14,false
wk4,1,76,11,9,1.0,popsicle_1.jpg,coal_1.jpg,cd_player_1.jpg,CAB,cd_player_1.jpg,popsicle_1.jpg,coal_1.jpg,1.0,0.01,0.01,0.01,1.0,0.01,true,1,27,11,middle,3,,false,14,false
wk4,1,77,8,8,1.0,pepper2_1.jpg,sugar_cube_1.jpg,yarn_1.jpg,BCA,sugar_cube_1.jpg,yarn_1.jpg,pepper2_1.jpg,1.0,0.01,0.01,0.01,0.01,1.0,true,1,36,8,right,3,,false,14,false
wk4,1,78,13,0,1.0,spur_1.jpg,thumbtack_1.jpg,checkers_1.jpg,BCA,thumbtack_1.jpg,checkers_1.jpg,spur_1.jpg,1.0,0.01,0.01,0.01,0.01,1.0,true,1,17,13,right,3,,false,14,false
wk4,1,79,9,8,1.0,seesaw_1.jpg,bib_1.jpg,brush_1.jpg,ABC,seesaw_1.jpg,bib_1.jpg,brush_1.jpg,1.0,0.01,0.01,1.0,0.01,0.01,true,1,36,9,left,3,,false,14,false
wk4,1,80,14,0,1.0,shears_1.jpg,pretzel_1.jpg,mug_1.jpg,CAB,mug_1.jpg,shears_1.jpg,pretzel_1.jpg,1.0,0.01,0.01,0.01,1.0,0.01,true,1,21,14,middle,3,,false,14,false
wk4,1,81,14,1,1.0,shears_1.jpg,pretzel_1.jpg,mug_1.jpg,CAB,mug_1.jpg,shears_1.jpg,pretzel_1.jpg,1.0,0.01,0.01,0.01,1.0,0.01,true,1,22,14,middle,3,,false,14,false
wk4,1,82,13,4,0.5,spur_1.jpg,thumbtack_1.jpg,checkers_1.jpg,BCA,thumbtack_1.jpg,checkers_1.jpg,spur_1.jpg,0.5,0.01,0.01,0.01,0.01,0.5,true,1,18,13,right,3,,false,14,false
wk4,1,83,13,1,1.0,spur_1.jpg,thumbtack_1.jpg,checkers_1.jpg,BCA,thumbtack_1.jpg,checkers_1.jpg,spur_1.jpg,1.0,0.01,0.01,0.01,0.01,1.0,true,1,19,13,right,3,,false,14,false
wk4,1,84,14,3,0.5,shears_1.jpg,pretzel_1.jpg,mug_1.jpg,CAB,mug_1.jpg,shears_1.jpg,pretzel_1.jpg,0.5,0.01,0.01,0.01,0.5,0.01,true,1,23,14,middle,3,,false,14,false
wk4,1,85,11,9,1.0,popsicle_1.jpg,coal_1.jpg,cd_player_1.jpg,CAB,cd_player_1.jpg,popsicle_1.jpg,coal_1.jpg,1.0,0.01,0.01,0.01,1.0,0.01,true,1,28,11,middle,3,,false,14,false
wk4,1,86,10,11,1.0,pencil_1.jpg,pallet_1.jpg,ice_pack_1.jpg,ABC,pencil_1.jpg,pallet_1.jpg,ice_pack_1.jpg,1.0,0.01,0.01,1.0,0.01,0.01,true,1,19,10,left,3,,false,14,false
wk4,1,87,13,4,1.0,spur_1.jpg,thumbtack_1.jpg,checkers_1.jpg,BCA,thumbtack_1.jpg,checkers_1.jpg,spur_1.jpg,1.0,0.01,0.01,0.01,0.01,1.0,true,1,20,13,right,3,,false,14,false
wk4,1,88,14,4,1.0,shears_1.jpg,pretzel_1.jpg,mug_1.jpg,CAB,mug_1.jpg,shears_1.jpg,pretzel_1.jpg,1.0,0.01,0.01,0.01,1.0,0.01,true,1,24,14,middle,3,,false,14,false
wk4,1,89,14,1,1.0,shears_1.jpg,pretzel_1.jpg,mug_1.jpg,CAB,mug_1.jpg,shears_1.jpg,pretzel_1.jpg,1.0,0.01,0.01,0.01,1.0,0.01,true,1,25,14,middle,3,,false,14,false
wk4,1,90,11,5,1.0,popsicle_1.jpg,coal_1.jpg,cd_player_1.jpg,CAB,cd_player_1.jpg,popsicle_1.jpg,coal_1.jpg,1.0,0.01,0.01,0.01,1.0,0.01,true,1,29,11,middle,3,,false,14,false
wk4,1,91,10,5,1.0,pencil_1.jpg,pallet_1.jpg,ice_pack_1.jpg,ABC,pencil_1.jpg,pallet_1.jpg,ice_pack_1.jpg,1.0,0.01,0.01,1.0,0.01,0.01,true,1,20,10,left,3,,false,14,false
wk4,1,92,13,5,0.5,spur_1.jpg,thumbtack_1.jpg,checkers_1.jpg,BCA,thumbtack_1.jpg,checkers_1.jpg,spur_1.jpg,0.5,0.01,0.01,0.01,0.01,0.5,true,1,21,13,right,3,,false,14,false
wk4,1,93,14,4,1.0,shears_1.jpg,pretzel_1.jpg,mug_1.jpg,CAB,mug_1.jpg,shears_1.jpg,pretzel_1.jpg,1.0,0.01,0.01,0.01,1.0,0.01,true,1,26,14,middle,3,,false,14,false
wk4,1,94,11,4,0.5,popsicle_1.jpg,coal_1.jpg,cd_player_1.jpg,CAB,cd_player_1.jpg,popsicle_1.jpg,coal_1.jpg,0.5,0.01,0.01,0.01,0.5,0.01,true,1,30,11,middle,3,,false,14,false
wk4,1,95,14,2,0.5,shears_1.jpg,pretzel_1.jpg,mug_1.jpg,CAB,mug_1.jpg,shears_1.jpg,pretzel_1.jpg,0.5,0.01,0.01,0.01,0.5,0.01,true,1,27,14,middle,3,,false,14,false
wk4,1,96,13,4,1.0,spur_1.jpg,thumbtack_1.jpg,checkers_1.jpg,BCA,thumbtack_1.jpg,checkers_1.jpg,spur_1.jpg,1.0,0.01,0.01,0.01,0.01,1.0,true,1,22,13,right,3,,false,14,false
wk4,1,97,11,3,1.0,popsicle_1.jpg,coal_1.jpg,cd_player_1.jpg,CAB,cd_player_1.jpg,popsicle_1.jpg,coal_1.jpg,1.0,0.01,0.01,0.01,1.0,0.01,true,1,31,11,middle,3,,false,14,false
wk4,1,98,11,1,1.0,popsicle_1.jpg,coal_1.jpg,cd_player_1.jpg,CAB,cd_player_1.jpg,popsicle_1.jpg,coal_1.jpg,1.0,0.01,0.01,0.01,1.0,0.01,true,1,32,11,middle,3,,false,14,false
wk4,1,99,10,8,1.0,pencil_1.jpg,pallet_1.jpg,ice_pack_1.jpg,ABC,pencil_1.jpg,pallet_1.jpg,ice_pack_1.jpg,1.0,0.01,0.01,1.0,0.01,0.01,true,1,21,10,left,3,,false,14,false
wk4,1,100,14,5,1.0,shears_1.jpg,pretzel_1.jpg,mug_1.jpg,CAB,mug_1.jpg,shears_1.jpg,pretzel_1.jpg,1.0,0.01,0.01,0.01,1.0,0.01,true,1,28,14,middle,3,,false,14,false
wk4,1,101,11,3,1.0,popsicle_1.jpg,coal_1.jpg,cd_player_1.jpg,CAB,cd_player_1.jpg,popsicle_1.jpg,coal_1.jpg,1.0,0.01,0.01,0.01,1.0,0.01,true,1,33,11,middle,3,,false,14,false
wk4,1,102,14,2,1.0,shears_1.jpg,pretzel_1.jpg,mug_1.jpg,CAB,mug_1.jpg,shears_1.jpg,pretzel_1.jpg,1.0,0.01,0.01,0.01,1.0,0.01,true,1,29,14,middle,3,,false,14,false
wk4,1,103,11,2,1.0,popsicle_1.jpg,coal_1.jpg,cd_player_1.jpg,CAB,cd_player_1.jpg,popsicle_1.jpg,coal_1.jpg,1.0,0.01,0.01,0.01,1.0,0.01,true,1,34,11,middle,3,,false,14,false
wk4,1,104,13,8,1.0,spur_1.jpg,thumbtack_1.jpg,checkers_1.jpg,BCA,thumbtack_1.jpg,checkers_1.jpg,spur_1.jpg,1.0,0.01,0.01,0.01,0.01,1.0,true,1,23,13,right,3,,false,14,false
wk4,1,105,11,2,1.0,popsicle_1.jpg,coal_1.jpg,cd_player_1.jpg,CAB,cd_player_1.jpg,popsicle_1.jpg,coal_1.jpg,1.0,0.01,0.01,0.01,1.0,0.01,true,1,35,11,middle,3,,false,14,false
wk4,1,106,14,4,1.0,shears_1.jpg,pretzel_1.jpg,mug_1.jpg,CAB,mug_1.jpg,shears_1.jpg,pretzel_1.jpg,1.0,0.01,0.01,0.01,1.0,0.01,true,1,30,14,middle,3,,false,14,false
wk4,1,107,13,3,1.0,spur_1.jpg,thumbtack_1.jpg,checkers_1.jpg,BCA,thumbtack_1.jpg,checkers_1.jpg,spur_1.jpg,1.0,0.01,0.01,0.01,0.01,1.0,true,1,24,13,right,3,,false,14,false
wk4,1,108,11,3,0.5,popsicle_1.jpg,coal_1.jpg,cd_player_1.jpg,CAB,cd_player_1.jpg,popsicle_1.jpg,coal_1.jpg,0.5,0.01,0.01,0.01,0.5,0.01,true,1,36,11,middle,3,,false,14,false
wk24,1,1,1,1,1.0,ravioli_1.jpg,gold_1.jpg,wrench_1.jpg,ABC,ravioli_1.jpg,gold_1.jpg,wrench_1.jpg,1.0,0.01,0.01,1.0,0.01,0.01,true,1,13,1,left,3,,false,14,false
wk24,1,2,1,1,0.5,ravioli_1.jpg,gold_1.jpg,wrench_1.jpg,ABC,ravioli_1.jpg,gold_1.jpg,wrench_1.jpg,0.5,0.01,0.01,0.5,0.01,0.01,true,1,14,1,left,3,,false,14,false
wk24,1,3,1,1,1.0,ravioli_1.jpg,gold_1.jpg,wrench_1.jpg,ABC,ravioli_1.jpg,gold_1.jpg,wrench_1.jpg,1.0,0.01,0.01,1.0,0.01,0.01,true,1,15,1,left,3,,false,14,false
wk24,1,4,1,1,1.0,ravioli_1.jpg,gold_1.jpg,wrench_1.jpg,ABC,ravioli_1.jpg,gold_1.jpg,wrench_1.jpg,1.0,0.01,0.01,1.0,0.01,0.01,true,1,16,1,left,3,,false,14,false
wk24,1,5,2,0,1.0,bead_1.jpg,snowball_1.jpg,canoe_1.jpg,BCA,snowball_1.jpg,canoe_1.jpg,bead_1.jpg,1.0,0.01,0.01,0.01,0.01,1.0,true,1,7,2,right,3,,false,14,false
wk24,1,6,3,0,0.5,solar_panel_1.jpg,paint_1.jpg,clipper1_1.jpg,BCA,paint_1.jpg,clipper1_1.jpg,solar_panel_1.jpg,0.5,0.01,0.01,0.01,0.01,0.5,true,1,37,3,right,3,,false,14,false
wk24,1,7,3,1,1.0,solar_panel_1.jpg,paint_1.jpg,clipper1_1.jpg,BCA,paint_1.jpg,clipper1_1.jpg,solar_panel_1.jpg,1.0,0.01,0.01,0.01,0.01,1.0,true,1,38,3,right,3,,false,14,false
wk24,1,8,4,0,1.0,mattress_1.jpg,cashew_1.jpg,toothpaste_1.jpg,BCA,cashew_1.jpg,toothpaste_1.jpg,mattress_1.jpg,1.0,0.01,0.01,0.01,0.01,1.0,true,1,7,4,right,3,,false,14,false
wk24,1,9,2,4,1.0,bead_1.jpg,snowball_1.jpg,canoe_1.jpg,BCA,snowball_1.jpg,canoe_1.jpg,bead_1.jpg,1.0,0.01,0.01,0.01,0.01,1.0,true,1,8,2,right,3,,false,14,false
wk24,1,10,5,0,1.0,possum_1.jpg,curling_iron_1.jpg,light_switch_1.jpg,ACB,possum_1.jpg,light_switch_1.jpg,curling_iron_1.jpg,1.0,0.01,0.01,1.0,0.01,0.01,true,1,4,5,left,3,,false,14,false
wk24,1,11,6,0,1.0,ready_meal_1.jpg,rice_1.jpg,chip_1.jpg,CAB,chip_1.jpg,ready_meal_1.jpg,rice_1.jpg,1.0,0.01,0.01,0.01,1.0,0.01,true,1,37,6,middle,3,,false,14,false
wk24,1,12,3,5,1.0,solar_panel_1.jpg,paint_1.jpg,clipper1_1.jpg,BCA,paint_1.jpg,clipper1_1.jpg,solar_panel_1.jpg,1.0,0.01,0.01,0.01,0.01,1.0,true,1,39,3,right,3,,false,14,false
wk24,1,13,7,0,1.0,baseball_1.jpg,pepperoni_1.jpg,marker_1.jpg,ABC,baseball_1.jpg,pepperoni_1.jpg,marker_1.jpg,1.0,0.01,0.01,1.0,0.01,0.01,true,1,37,7,left,3,,false,14,false
wk24,1,14,4,6,1.0,mattress_1.jpg,cashew_1.jpg,toothpaste_1.jpg,BCA,cashew_1.jpg,toothpaste_1.jpg,mattress_1.jpg,1.0,0.01,0.01,0.01,0.01,1.0,true,1,8,4,right,3,,false,14,false
wk24,1,15,8,0,1.0,guinea_pig_1.jpg,skunk_1.jpg,calculator_1.jpg,BCA,skunk_1.jpg,calculator_1.jpg,guinea_pig_1.jpg,1.0,0.01,0.01,0.01,0.01,1.0,true,1,37,8,right,3,,false,14,false
wk24,1,16,9,0,1.0,tumbleweed_1.jpg,sarcophagus_1.jpg,showerhead_1.jpg,ABC,tumbleweed_1.jpg,sarcophagus_1.jpg,showerhead_1.jpg,1.0,0.01,0.01,1.0,0.01,0.01,true,1,37,9,left,3,,false,14,false
wk24,1,17,6,6,0.5,ready_meal_1.jpg,rice_1.jpg,chip_1.jpg,CAB,chip_1.jpg,ready_meal_1.jpg,rice_1.jpg,0.5,0.01,0.01,0.01,0.5,0.01,true,1,38,6,middle,3,,false,14,false
wk24,1,18,8,3,1.0,guinea_pig_1.jpg,skunk_1.jpg,calculator_1.jpg,BCA,skunk_1.jpg,calculator_1.jpg,guinea_pig_1.jpg,1.0,0.01,0.01,0.01,0.01,1.0,true,1,38,8,right,3,,false,14,false
wk24,1,19,3,7,1.0,solar_panel_1.jpg,paint_1.jpg,clipper1_1.jpg,BCA,paint_1.jpg,clipper1_1.jpg,solar_panel_1.jpg,1.0,0.01,0.01,0.01,0.01,1.0,true,1,40,3,right,3,,false,14,false
wk24,1,20,6,3,1.0,ready_meal_1.jpg,rice_1.jpg,chip_1.jpg,CAB,chip_1.jpg,ready_meal_1.jpg,rice_1.jpg,1.0,0.01,0.01,0.01,1.0,0.01,true,1,39,6,middle,3,,false,14,false
wk24,1,21,9,5,1.0,tumbleweed_1.jpg,sarcophagus_1.jpg,showerhead_1.jpg,ABC,tumbleweed_1.jpg,sarcophagus_1.jpg,showerhead_1.jpg,1.0,0.01,0.01,1.0,0.01,0.01,true,1,38,9,left,3,,false,14,false
wk24,1,22,7,9,1.0,baseball_1.jpg,pepperoni_1.jpg,marker_1.jpg,ABC,baseball_1.jpg,pepperoni_1.jpg,marker_1.jpg,1.0,0.01,0.01,1.0,0.01,0.01,true,1,38,7,left,3,,false,14,false
wk24,1,23,8,5,1.0,guinea_pig_1.jpg,skunk_1.jpg,calculator_1.jpg,BCA,skunk_1.jpg,calculator_1.jpg,guinea_pig_1.jpg,1.0,0.01,0.01,0.01,0.01,1.0,true,1,39,8,right,3,,false,14,false
wk24,1,24,6,4,1.0,ready_meal_1.jpg,rice_1.jpg,chip_1.jpg,CAB,chip_1.jpg,ready_meal_1.jpg,rice_1.jpg,1.0,0.01,0.01,0.01,1.0,0.01,true,1,40,6,middle,3,,false,14,false
wk24,1,25,7,3,0.5,baseball_1.jpg,pepperoni_1.jpg,marker_1.jpg,ABC,baseball_1.jpg,pepperoni_1.jpg,marker_1.jpg,0.5,0.01,0.01,0.5,0.01,0.01,true,1,39,7,left,3,,false,14,false
wk24,1,26,9,5,1.0,tumbleweed_1.jpg,sarcophagus_1.jpg,showerhead_1.jpg,ABC,tumbleweed_1.jpg,sarcophagus_1.jpg,showerhead_1.jpg,1.0,0.01,0.01,1.0,0.01,0.01,true,1,39,9,left,3,,false,14,false
wk24,1,27,8,4,1.0,guinea_pig_1.jpg,skunk_1.jpg,calculator_1.jpg,BCA,skunk_1.jpg,calculator_1.jpg,guinea_pig_1.jpg,1.0,0.01,0.01,0.01,0.01,1.0,true,1,40,8,right,3,,false,14,false
wk24,1,28,9,2,0.5,tumbleweed_1.jpg,sarcophagus_1.jpg,showerhead_1.jpg,ABC,tumbleweed_1.jpg,sarcophagus_1.jpg,showerhead_1.jpg,0.5,0.01,0.01,0.5,0.01,0.01,true,1,40,9,left,3,,false,14,false
wk24,1,29,6,5,1.0,ready_meal_1.jpg,rice_1.jpg,chip_1.jpg,CAB,chip_1.jpg,ready_meal_1.jpg,rice_1.jpg,1.0,0.01,0.01,0.01,1.0,0.01,true,1,41,6,middle,3,,false,14,false
wk24,1,30,3,11,1.0,solar_panel_1.jpg,paint_1.jpg,clipper1_1.jpg,BCA,paint_1.jpg,clipper1_1.jpg,solar_panel_1.jpg,1.0,0.01,0.01,0.01,0.01,1.0,true,1,41,3,right,3,,false,14,false
wk24,1,31,7,6,1.0,baseball_1.jpg,pepperoni_1.jpg,marker_1.jpg,ABC,baseball_1.jpg,pepperoni_1.jpg,marker_1.jpg,1.0,0.01,0.01,1.0,0.01,0.01,true,1,40,7,left,3,,false,14,false
wk24,1,32,8,5,1.0,guinea_pig_1.jpg,skunk_1.jpg,calculator_1.jpg,BCA,skunk_1.jpg,calculator_1.jpg,guinea_pig_1.jpg,1.0,0.01,0.01,0.01,0.01,1.0,true,1,41,8,right,3,,false,14,false
wk24,1,33,7,2,0.5,baseball_1.jpg,pepperoni_1.jpg,marker_1.jpg,ABC,baseball_1.jpg,pepperoni_1.jpg,marker_1.jpg,0.5,0.01,0.01,0.5,0.01,0.01,true,1,41,7,left,3,,false,14,false
wk24,1,34,9,6,1.0,tumbleweed_1.jpg,sarcophagus_1.jpg,showerhead_1.jpg,ABC,tumbleweed_1.jpg,sarcophagus_1.jpg,showerhead_1.jpg,1.0,0.01,0.01,1.0,0.01,0.01,true,1,41,9,left,3,,false,14,false
wk24,1,35,6,6,0.5,ready_meal_1.jpg,rice_1.jpg,chip_1.jpg,CAB,chip_1.jpg,ready_meal_1.jpg,rice_1.jpg,0.5,0.01,0.01,0.01,0.5,0.01,true,1,42,6,middle,3,,false,14,false
wk24,1,36,3,6,1.0,solar_panel_1.jpg,paint_1.jpg,clipper1_1.jpg,BCA,paint_1.jpg,clipper1_1.jpg,solar_panel_1.jpg,1.0,0.01,0.01,0.01,0.01,1.0,true,1,42,3,right,3,,false,14,false
wk24,1,37,3,1,0.5,solar_panel_1.jpg,paint_1.jpg,clipper1_1.jpg,BCA,paint_1.jpg,clipper1_1.jpg,solar_panel_1.jpg,0.5,0.01,0.01,0.01,0.01,0.5,true,1,43,3,right,3,,false,14,false
wk24,1,38,8,6,1.0,guinea_pig_1.jpg,skunk_1.jpg,calculator_1.jpg,BCA,skunk_1.jpg,calculator_1.jpg,guinea_pig_1.jpg,1.0,0.01,0.01,0.01,0.01,1.0,true,1,42,8,right,3,,false,14,false
wk24,1,39,3,2,1.0,solar_panel_1.jpg,paint_1.jpg,clipper1_1.jpg,BCA,paint_1.jpg,clipper1_1.jpg,solar_panel_1.jpg,1.0,0.01,0.01,0.01,0.01,1.0,true,1,44,3,right,3,,false,14,false
wk24,1,40,8,2,1.0,guinea_pig_1.jpg,skunk_1.jpg,calculator_1.jpg,BCA,skunk_1.jpg,calculator_1.jpg,guinea_pig_1.jpg,1.0,0.01,0.01,0.01,0.01,1.0,true,1,43,8,right,3,,false,14,false
wk24,1,41,7,8,1.0,baseball_1.jpg,pepperoni_1.jpg,marker_1.jpg,ABC,baseball_1.jpg,pepperoni_1.jpg,marker_1.jpg,1.0,0.01,0.01,1.0,0.01,0.01,true,1,42,7,left,3,,false,14,false
wk24,1,42,3,3,1.0,solar_panel_1.jpg,paint_1.jpg,clipper1_1.jpg,BCA,paint_1.jpg,clipper1_1.jpg,solar_panel_1.jpg,1.0,0.01,0.01,0.01,0.01,1.0,true,1,45,3,right,3,,false,14,false
wk24,1,43,9,9,1.0,tumbleweed_1.jpg,sarcophagus_1.jpg,showerhead_1.jpg,ABC,tumbleweed_1.jpg,sarcophagus_1.jpg,showerhead_1.jpg,1.0,0.01,0.01,1.0,0.01,0.01,true,1,42,9,left,3,,false,14,false
wk24,1,44,6,9,1.0,ready_meal_1.jpg,rice_1.jpg,chip_1.jpg,CAB,chip_1.jpg,ready_meal_1.jpg,rice_1.jpg,1.0,0.01,0.01,0.01,1.0,0.01,true,1,43,6,middle,3,,false,14,false
wk24,1,45,9,2,1.0,tumbleweed_1.jpg,sarcophagus_1.jpg,showerhead_1.jpg,ABC,tumbleweed_1.jpg,sarcophagus_1.jpg,showerhead_1.jpg,1.0,0.01,0.01,1.0,0.01,0.01,true,1,43,9,left,3,,false,14,false
wk24,1,46,8,6,1.0,guinea_pig_1.jpg,skunk_1.jpg,calculator_1.jpg,BCA,skunk_1.jpg,calculator_1.jpg,guinea_pig_1.jpg,1.0,0.01,0.01,0.01,0.01,1.0,true,1,44,8,right,3,,false,14,false
wk24,1,47,7,6,1.0,baseball_1.jpg,pepperoni_1.jpg,marker_1.jpg,ABC,baseball_1.jpg,pepperoni_1.jpg,marker_1.jpg,1.0,0.01,0.01,1.0,0.01,0.01,true,1,43,7,left,3,,false,14,false
wk24,1,48,3,6,1.0,solar_panel_1.jpg,paint_1.jpg,clipper1_1.jpg,BCA,paint_1.jpg,clipper1_1.jpg,solar_panel_1.jpg,1.0,0.01,0.01,0.01,0.01,1.0,true,1,46,3,right,3,,false,14,false
wk24,1,49,7,2,1.0,baseball_1.jpg,pepperoni_1.jpg,marker_1.jpg,ABC,baseball_1.jpg,pepperoni_1.jpg,marker_1.jpg,1.0,0.01,0.01,1.0,0.01,0.01,true,1,44,7,left,3,,false,14,false
wk24,1,50,3,2,1.0,solar_panel_1.jpg,paint_1.jpg,clipper1_1.jpg,BCA,paint_1.jpg,clipper1_1.jpg,solar_panel_1.jpg,1.0,0.01,0.01,0.01,0.01,1.0,true,1,47,3,right,3,,false,14,false
wk24,1,51,6,7,1.0,ready_meal_1.jpg,rice_1.jpg,chip_1.jpg,CAB,chip_1.jpg,ready_meal_1.jpg,rice_1.jpg,1.0,0.01,0.01,0.01,1.0,0.01,true,1,44,6,middle,3,,false,14,false
wk24,1,52,9,7,1.0,tumbleweed_1.jpg,sarcophagus_1.jpg,showerhead_1.jpg,ABC,tumbleweed_1.jpg,sarcophagus_1.jpg,showerhead_1.jpg,1.0,0.01,0.01,1.0,0.01,0.01,true,1,44,9,left,3,,false,14,false
wk24,1,53,6,2,1.0,ready_meal_1.jpg,rice_1.jpg,chip_1.jpg,CAB,chip_1.jpg,ready_meal_1.jpg,rice_1.jpg,1.0,0.01,0.01,0.01,1.0,0.01,true,1,45,6,middle,3,,false,14,false
wk24,1,54,8,8,0.5,guinea_pig_1.jpg,skunk_1.jpg,calculator_1.jpg,BCA,skunk_1.jpg,calculator_1.jpg,guinea_pig_1.jpg,0.5,0.01,0.01,0.01,0.01,0.5,true,1,45,8,right,3,,false,14,false
wk24,1,55,7,6,1.0,baseball_1.jpg,pepperoni_1.jpg,marker_1.jpg,ABC,baseball_1.jpg,pepperoni_1.jpg,marker_1.jpg,1.0,0.01,0.01,1.0,0.01,0.01,true,1,45,7,left,3,,false,14,false
wk24,1,56,7,1,1.0,baseball_1.jpg,pepperoni_1.jpg,marker_1.jpg,ABC,baseball_1.jpg,pepperoni_1.jpg,marker_1.jpg,1.0,0.01,0.01,1.0,0.01,0.01,true,1,46,7,left,3,,false,14,false
wk24,1,57,3,7,1.0,solar_panel_1.jpg,paint_1.jpg,clipper1_1.jpg,BCA,paint_1.jpg,clipper1_1.jpg,solar_panel_1.jpg,1.0,0.01,0.01,0.01,0.01,1.0,true,1,48,3,right,3,,false,14,false
wk24,1,58,10,0,1.0,candy_1.jpg,hopscotch_1.jpg,giraffe_1.jpg,ACB,candy_1.jpg,giraffe_1.jpg,hopscotch_1.jpg,1.0,0.01,0.01,1.0,0.01,0.01,true,1,22,10,left,3,,false,14,false
wk24,1,59,7,3,1.0,baseball_1.jpg,pepperoni_1.jpg,marker_1.jpg,ABC,baseball_1.jpg,pepperoni_1.jpg,marker_1.jpg,1.0,0.01,0.01,1.0,0.01,0.01,true,1,47,7,left,3,,false,14,false
wk24,1,60,9,8,0.5,tumbleweed_1.jpg,sarcophagus_1.jpg,showerhead_1.jpg,ABC,tumbleweed_1.jpg,sarcophagus_1.jpg,showerhead_1.jpg,0.5,0.01,0.01,0.5,0.01,0.01,true,1,45,9,left,3,,false,14,false
wk24,1,61,8,7,1.0,guinea_pig_1.jpg,skunk_1.jpg,calculator_1.jpg,BCA,skunk_1.jpg,calculator_1.jpg,guinea_pig_1.jpg,1.0,0.01,0.01,0.01,0.01,1.0,true,1,46,8,right,3,,false,14,false
wk24,1,62,9,2,1.0,tumbleweed_1.jpg,sarcophagus_1.jpg,showerhead_1.jpg,ABC,tumbleweed_1.jpg,sarcophagus_1.jpg,showerhead_1.jpg,1.0,0.01,0.01,1.0,0.01,0.01,true,1,46,9,left,3,,false,14,false
wk24,1,63,10,5,0.5,candy_1.jpg,hopscotch_1.jpg,giraffe_1.jpg,ACB,candy_1.jpg,giraffe_1.jpg,hopscotch_1.jpg,0.5,0.01,0.01,0.5,0.01,0.01,true,1,23,10,left,3,,false,14,false
wk24,1,64,6,11,1.0,ready_meal_1.jpg,rice_1.jpg,chip_1.jpg,CAB,chip_1.jpg,ready_meal_1.jpg,rice_1.jpg,1.0,0.01,0.01,0.01,1.0,0.01,true,1,46,6,middle,3,,false,14,false
wk24,1,65,7,6,1.0,baseball_1.jpg,pepperoni_1.jpg,marker_1.jpg,ABC,baseball_1.jpg,pepperoni_1.jpg,marker_1.jpg,1.0,0.01,0.01,1.0,0.01,0.01,true,1,48,7,left,3,,false,14,false
wk24,1,66,11,0,1.0,comb_1.jpg,eraser_1.jpg,turf_1.jpg,CAB,turf_1.jpg,comb_1.jpg,eraser_1.jpg,1.0,0.01,0.01,0.01,1.0,0.01,true,1,37,11,middle,3,,false,14,false
wk24,1,67,11,1,1.0,comb_1.jpg,eraser_1.jpg,turf_1.jpg,CAB,turf_1.jpg,comb_1.jpg,eraser_1.jpg,1.0,0.01,0.01,0.01,1.0,0.01,true,1,38,11,middle,3,,false,14,false
wk24,1,68,6,4,1.0,ready_meal_1.jpg,rice_1.jpg,chip_1.jpg,CAB,chip_1.jpg,ready_meal_1.jpg,rice_1.jpg,1.0,0.01,0.01,0.01,1.0,0.01,true,1,47,6,middle,3,,false,14,false
wk24,1,69,8,8,0.5,guinea_pig_1.jpg,skunk_1.jpg,calculator_1.jpg,BCA,skunk_1.jpg,calculator_1.jpg,guinea_pig_1.jpg,0.5,0.01,0.01,0.01,0.01,0.5,true,1,47,8,right,3,,false,14,false
wk24,1,70,10,7,1.0,candy_1.jpg,hopscotch_1.jpg,giraffe_1.jpg,ACB,candy_1.jpg,giraffe_1.jpg,hopscotch_1.jpg,1.0,0.01,0.01,1.0,0.01,0.01,true,1,24,10,left,3,,false,14,false
wk24,1,71,9,9,1.0,tumbleweed_1.jpg,sarcophagus_1.jpg,showerhead_1.jpg,ABC,tumbleweed_1.jpg,sarcophagus_1.jpg,showerhead_1.jpg,1.0,0.01,0.01,1.0,0.01,0.01,true,1,47,9,left,3,,false,14,false
wk24,1,72,6,4,1.0,ready_meal_1.jpg,rice_1.jpg,chip_1.jpg,CAB,chip_1.jpg,ready_meal_1.jpg,rice_1.jpg,1.0,0.01,0.01,0.01,1.0,0.01,true,1,48,6,middle,3,,false,14,false
wk24,1,73,12,0,1.0,scallop_1.jpg,eggnog_1.jpg,tee_1.jpg,CAB,tee_1.jpg,scallop_1.jpg,eggnog_1.jpg,1.0,0.01,0.01,0.01,1.0,0.01,true,1,7,12,middle,3,,false,14,false
wk24,1,74,12,1,1.0,scallop_1.jpg,eggnog_1.jpg,tee_1.jpg,CAB,tee_1.jpg,scallop_1.jpg,eggnog_1.jpg,1.0,0.01,0.01,0.01,1.0,0.01,true,1,8,12,middle,3,,false,14,false
wk24,1,75,10,5,1.0,candy_1.jpg,hopscotch_1.jpg,giraffe_1.jpg,ACB,candy_1.jpg,giraffe_1.jpg,hopscotch_1.jpg,1.0,0.01,0.01,1.0,0.01,0.01,true,1,25,10,left,3,,false,14,false
wk24,1,76,11,9,1.0,comb_1.jpg,eraser_1.jpg,turf_1.jpg,CAB,turf_1.jpg,comb_1.jpg,eraser_1.jpg,1.0,0.01,0.01,0.01,1.0,0.01,true,1,39,11,middle,3,,false,14,false
wk24,1,77,8,8,1.0,guinea_pig_1.jpg,skunk_1.jpg,calculator_1.jpg,BCA,skunk_1.jpg,calculator_1.jpg,guinea_pig_1.jpg,1.0,0.01,0.01,0.01,0.01,1.0,true,1,48,8,right,3,,false,14,false
wk24,1,78,13,0,1.0,train_1.jpg,peanut_1.jpg,clothespin_1.jpg,CBA,clothespin_1.jpg,peanut_1.jpg,train_1.jpg,1.0,0.01,0.01,0.01,0.01,1.0,true,1,25,13,right,3,,false,14,false
wk24,1,79,9,8,1.0,tumbleweed_1.jpg,sarcophagus_1.jpg,showerhead_1.jpg,ABC,tumbleweed_1.jpg,sarcophagus_1.jpg,showerhead_1.jpg,1.0,0.01,0.01,1.0,0.01,0.01,true,1,48,9,left,3,,false,14,false
wk24,1,80,14,0,1.0,safety_pin_1.jpg,blindfold_1.jpg,trolley_1.jpg,CAB,trolley_1.jpg,safety_pin_1.jpg,blindfold_1.jpg,1.0,0.01,0.01,0.01,1.0,0.01,true,1,31,14,middle,3,,false,14,false
wk24,1,81,14,1,1.0,safety_pin_1.jpg,blindfold_1.jpg,trolley_1.jpg,CAB,trolley_1.jpg,safety_pin_1.jpg,blindfold_1.jpg,1.0,0.01,0.01,0.01,1.0,0.01,true,1,32,14,middle,3,,false,14,false
wk24,1,82,13,4,0.5,train_1.jpg,peanut_1.jpg,clothespin_1.jpg,CBA,clothespin_1.jpg,peanut_1.jpg,train_1.jpg,0.5,0.01,0.01,0.01,0.01,0.5,true,1,26,13,right,3,,false,14,false
wk24,1,83,13,1,1.0,train_1.jpg,peanut_1.jpg,clothespin_1.jpg,CBA,clothespin_1.jpg,peanut_1.jpg,train_1.jpg,1.0,0.01,0.01,0.01,0.01,1.0,true,1,27,13,right,3,,false,14,false
wk24,1,84,14,3,0.5,safety_pin_1.jpg,blindfold_1.jpg,trolley_1.jpg,CAB,trolley_1.jpg,safety_pin_1.jpg,blindfold_1.jpg,0.5,0.01,0.01,0.01,0.5,0.01,true,1,33,14,middle,3,,false,14,false
wk24,1,85,11,9,1.0,comb_1.jpg,eraser_1.jpg,turf_1.jpg,CAB,turf_1.jpg,comb_1.jpg,eraser_1.jpg,1.0,0.01,0.01,0.01,1.0,0.01,true,1,40,11,middle,3,,false,14,false
wk24,1,86,10,11,1.0,candy_1.jpg,hopscotch_1.jpg,giraffe_1.jpg,ACB,candy_1.jpg,giraffe_1.jpg,hopscotch_1.jpg,1.0,0.01,0.01,1.0,0.01,0.01,true,1,26,10,left,3,,false,14,false
wk24,1,87,13,4,1.0,train_1.jpg,peanut_1.jpg,clothespin_1.jpg,CBA,clothespin_1.jpg,peanut_1.jpg,train_1.jpg,1.0,0.01,0.01,0.01,0.01,1.0,true,1,28,13,right,3,,false,14,false
wk24,1,88,14,4,1.0,safety_pin_1.jpg,blindfold_1.jpg,trolley_1.jpg,CAB,trolley_1.jpg,safety_pin_1.jpg,blindfold_1.jpg,1.0,0.01,0.01,0.01,1.0,0.01,true,1,34,14,middle,3,,false,14,false
wk24,1,89,14,1,1.0,safety_pin_1.jpg,blindfold_1.jpg,trolley_1.jpg,CAB,trolley_1.jpg,safety_pin_1.jpg,blindfold_1.jpg,1.0,0.01,0.01,0.01,1.0,0.01,true,1,35,14,middle,3,,false,14,false
wk24,1,90,11,5,1.0,comb_1.jpg,eraser_1.jpg,turf_1.jpg,CAB,turf_1.jpg,comb_1.jpg,eraser_1.jpg,1.0,0.01,0.01,0.01,1.0,0.01,true,1,41,11,middle,3,,false,14,false
wk24,1,91,10,5,1.0,candy_1.jpg,hopscotch_1.jpg,giraffe_1.jpg,ACB,candy_1.jpg,giraffe_1.jpg,hopscotch_1.jpg,1.0,0.01,0.01,1.0,0.01,0.01,true,1,27,10,left,3,,false,14,false
wk24,1,92,13,5,0.5,train_1.jpg,peanut_1.jpg,clothespin_1.jpg,CBA,clothespin_1.jpg,peanut_1.jpg,train_1.jpg,0.5,0.01,0.01,0.01,0.01,0.5,true,1,29,13,right,3,,false,14,false
wk24,1,93,14,4,1.0,safety_pin_1.jpg,blindfold_1.jpg,trolley_1.jpg,CAB,trolley_1.jpg,safety_pin_1.jpg,blindfold_1.jpg,1.0,0.01,0.01,0.01,1.0,0.01,true,1,36,14,middle,3,,false,14,false
wk24,1,94,11,4,0.5,comb_1.jpg,eraser_1.jpg,turf_1.jpg,CAB,turf_1.jpg,comb_1.jpg,eraser_1.jpg,0.5,0.01,0.01,0.01,0.5,0.01,true,1,42,11,middle,3,,false,14,false
wk24,1,95,14,2,0.5,safety_pin_1.jpg,blindfold_1.jpg,trolley_1.jpg,CAB,trolley_1.jpg,safety_pin_1.jpg,blindfold_1.jpg,0.5,0.01,0.01,0.01,0.5,0.01,true,1,37,14,middle,3,,false,14,false
wk24,1,96,13,4,1.0,train_1.jpg,peanut_1.jpg,clothespin_1.jpg,CBA,clothespin_1.jpg,peanut_1.jpg,train_1.jpg,1.0,0.01,0.01,0.01,0.01,1.0,true,1,30,13,right,3,,false,14,false
wk24,1,97,11,3,1.0,comb_1.jpg,eraser_1.jpg,turf_1.jpg,CAB,turf_1.jpg,comb_1.jpg,eraser_1.jpg,1.0,0.01,0.01,0.01,1.0,0.01,true,1,43,11,middle,3,,false,14,false
wk24,1,98,11,1,1.0,comb_1.jpg,eraser_1.jpg,turf_1.jpg,CAB,turf_1.jpg,comb_1.jpg,eraser_1.jpg,1.0,0.01,0.01,0.01,1.0,0.01,true,1,44,11,middle,3,,false,14,false
wk24,1,99,10,8,1.0,candy_1.jpg,hopscotch_1.jpg,giraffe_1.jpg,ACB,candy_1.jpg,giraffe_1.jpg,hopscotch_1.jpg,1.0,0.01,0.01,1.0,0.01,0.01,true,1,28,10,left,3,,false,14,false
wk24,1,100,14,5,1.0,safety_pin_1.jpg,blindfold_1.jpg,trolley_1.jpg,CAB,trolley_1.jpg,safety_pin_1.jpg,blindfold_1.jpg,1.0,0.01,0.01,0.01,1.0,0.01,true,1,38,14,middle,3,,false,14,false
wk24,1,101,11,3,1.0,comb_1.jpg,eraser_1.jpg,turf_1.jpg,CAB,turf_1.jpg,comb_1.jpg,eraser_1.jpg,1.0,0.01,0.01,0.01,1.0,0.01,true,1,45,11,middle,3,,false,14,false
wk24,1,102,14,2,1.0,safety_pin_1.jpg,blindfold_1.jpg,trolley_1.jpg,CAB,trolley_1.jpg,safety_pin_1.jpg,blindfold_1.jpg,1.0,0.01,0.01,0.01,1.0,0.01,true,1,39,14,middle,3,,false,14,false
wk24,1,103,11,2,1.0,comb_1.jpg,eraser_1.jpg,turf_1.jpg,CAB,turf_1.jpg,comb_1.jpg,eraser_1.jpg,1.0,0.01,0.01,0.01,1.0,0.01,true,1,46,11,middle,3,,false,14,false
wk24,1,104,13,8,1.0,train_1.jpg,peanut_1.jpg,clothespin_1.jpg,CBA,clothespin_1.jpg,peanut_1.jpg,train_1.jpg,1.0,0.01,0.01,0.01,0.01,1.0,true,1,31,13,right,3,,false,14,false
wk24,1,105,11,2,1.0,comb_1.jpg,eraser_1.jpg,turf_1.jpg,CAB,turf_1.jpg,comb_1.jpg,eraser_1.jpg,1.0,0.01,0.01,0.01,1.0,0.01,true,1,47,11,middle,3,,false,14,false
wk24,1,106,14,4,1.0,safety_pin_1.jpg,blindfold_1.jpg,trolley_1.jpg,CAB,trolley_1.jpg,safety_pin_1.jpg,blindfold_1.jpg,1.0,0.01,0.01,0.01,1.0,0.01,true,1,40,14,middle,3,,false,14,false
wk24,1,107,13,3,1.0,train_1.jpg,peanut_1.jpg,clothespin_1.jpg,CBA,clothespin_1.jpg,peanut_1.jpg,train_1.jpg,1.0,0.01,0.01,0.01,0.01,1.0,true,1,32,13,right,3,,false,14,false
wk24,1,108,11,3,0.5,comb_1.jpg,eraser_1.jpg,turf_1.jpg,CAB,turf_1.jpg,comb_1.jpg,eraser_1.jpg,0.5,0.01,0.01,0.01,0.5,0.01,true,1,48,11,middle,3,,false,14,false
wk28,1,1,1,1,1.0,dishrag_1.jpg,panther_1.jpg,origami_1.jpg,ACB,dishrag_1.jpg,origami_1.jpg,panther_1.jpg,1.0,0.01,0.01,1.0,0.01,0.01,true,1,17,1,left,3,,false,14,false
wk28,1,2,1,1,0.5,dishrag_1.jpg,panther_1.jpg,origami_1.jpg,ACB,dishrag_1.jpg,origami_1.jpg,panther_1.jpg,0.5,0.01,0.01,0.5,0.01,0.01,true,1,18,1,left,3,,false,14,false
wk28,1,3,1,1,1.0,dishrag_1.jpg,panther_1.jpg,origami_1.jpg,ACB,dishrag_1.jpg,origami_1.jpg,panther_1.jpg,1.0,0.01,0.01,1.0,0.01,0.01,true,1,19,1,left,3,,false,14,false
wk28,1,4,1,1,1.0,dishrag_1.jpg,panther_1.jpg,origami_1.jpg,ACB,dishrag_1.jpg,origami_1.jpg,panther_1.jpg,1.0,0.01,0.01,1.0,0.01,0.01,true,1,20,1,left,3,,false,14,false
wk28,1,5,2,0,1.0,christmas_tree_1.jpg,briefcase_1.jpg,can_1.jpg,CBA,can_1.jpg,briefcase_1.jpg,christmas_tree_1.jpg,1.0,0.01,0.01,0.01,0.01,1.0,true,1,9,2,right,3,,false,14,false
wk28,1,6,3,0,0.5,orangutan_1.jpg,soda_fountain_1.jpg,monkey_1.jpg,ABC,orangutan_1.jpg,soda_fountain_1.jpg,monkey_1.jpg,0.5,0.01,0.01,0.5,0.01,0.01,true,1,49,3,left,3,,false,14,false
wk28,1,7,3,1,1.0,orangutan_1.jpg,soda_fountain_1.jpg,monkey_1.jpg,ABC,orangutan_1.jpg,soda_fountain_1.jpg,monkey_1.jpg,1.0,0.01,0.01,1.0,0.01,0.01,true,1,50,3,left,3,,false,14,false
wk28,1,8,4,0,1.0,trumpet_1.jpg,butter_1.jpg,drill_1.jpg,CAB,drill_1.jpg,trumpet_1.jpg,butter_1.jpg,1.0,0.01,0.01,0.01,1.0,0.01,true,1,9,4,middle,3,,false,14,false
wk28,1,9,2,4,1.0,christmas_tree_1.jpg,briefcase_1.jpg,can_1.jpg,CBA,can_1.jpg,briefcase_1.jpg,christmas_tree_1.jpg,1.0,0.01,0.01,0.01,0.01,1.0,true,1,10,2,right,3,,false,14,false
wk28,1,10,5,0,1.0,orange_rind_1.jpg,robot_1.jpg,washing_machine_1.jpg,ABC,orange_rind_1.jpg,robot_1.jpg,washing_machine_1.jpg,1.0,0.01,0.01,1.0,0.01,0.01,true,1,5,5,left,3,,false,14,false
wk28,1,11,6,0,1.0,teabag_1.jpg,joystick_1.jpg,chalk_1.jpg,CAB,chalk_1.jpg,teabag_1.jpg,joystick_1.jpg,1.0,0.01,0.01,0.01,1.0,0.01,true,1,49,6,middle,3,,false,14,false
wk28,1,12,3,5,1.0,orangutan_1.jpg,soda_fountain_1.jpg,monkey_1.jpg,ABC,orangutan_1.jpg,soda_fountain_1.jpg,monkey_1.jpg,1.0,0.01,0.01,1.0,0.01,0.01,true,1,51,3,left,3,,false,14,false
wk28,1,13,7,0,1.0,paperclip_1.jpg,mold1_1.jpg,drumstick_1.jpg,ACB,paperclip_1.jpg,drumstick_1.jpg,mold1_1.jpg,1.0,0.01,0.01,1.0,0.01,0.01,true,1,49,7,left,3,,false,14,false
wk28,1,14,4,6,1.0,trumpet_1.jpg,butter_1.jpg,drill_1.jpg,CAB,drill_1.jpg,trumpet_1.jpg,butter_1.jpg,1.0,0.01,0.01,0.01,1.0,0.01,true,1,10,4,middle,3,,false,14,false
wk28,1,15,8,0,1.0,staple_1.jpg,wood_1.jpg,battery_1.jpg,BCA,wood_1.jpg,battery_1.jpg,staple_1.jpg,1.0,0.01,0.01,0.01,0.01,1.0,true,1,49,8,right,3,,false,14,false
wk28,1,16,9,0,1.0,vacuum_1.jpg,washcloth_1.jpg,waffle_iron_1.jpg,CAB,waffle_iron_1.jpg,vacuum_1.jpg,washcloth_1.jpg,1.0,0.01,0.01,0.01,1.0,0.01,true,1,49,9,middle,3,,false,14,false
wk28,1,17,6,6,0.5,teabag_1.jpg,joystick_1.jpg,chalk_1.jpg,CAB,chalk_1.jpg,teabag_1.jpg,joystick_1.jpg,0.5,0.01,0.01,0.01,0.5,0.01,true,1,50,6,middle,3,,false,14,false
wk28,1,18,8,3,1.0,staple_1.jpg,wood_1.jpg,battery_1.jpg,BCA,wood_1.jpg,battery_1.jpg,staple_1.jpg,1.0,0.01,0.01,0.01,0.01,1.0,true,1,50,8,right,3,,false,14,false
wk28,1,19,3,7,1.0,orangutan_1.jpg,soda_fountain_1.jpg,monkey_1.jpg,ABC,orangutan_1.jpg,soda_fountain_1.jpg,monkey_1.jpg,1.0,0.01,0.01,1.0,0.01,0.01,true,1,52,3,left,3,,false,14,false
wk28,1,20,6,3,1.0,teabag_1.jpg,joystick_1.jpg,chalk_1.jpg,CAB,chalk_1.jpg,teabag_1.jpg,joystick_1.jpg,1.0,0.01,0.01,0.01,1.0,0.01,true,1,51,6,middle,3,,false,14,false
wk28,1,21,9,5,1.0,vacuum_1.jpg,washcloth_1.jpg,waffle_iron_1.jpg,CAB,waffle_iron_1.jpg,vacuum_1.jpg,washcloth_1.jpg,1.0,0.01,0.01,0.01,1.0,0.01,true,1,50,9,middle,3,,false,14,false
wk28,1,22,7,9,1.0,paperclip_1.jpg,mold1_1.jpg,drumstick_1.jpg,ACB,paperclip_1.jpg,drumstick_1.jpg,mold1_1.jpg,1.0,0.01,0.01,1.0,0.01,0.01,true,1,50,7,left,3,,false,14,false
wk28,1,23,8,5,1.0,staple_1.jpg,wood_1.jpg,battery_1.jpg,BCA,wood_1.jpg,battery_1.jpg,staple_1.jpg,1.0,0.01,0.01,0.01,0.01,1.0,true,1,51,8,right,3,,false,14,false
wk28,1,24,6,4,1.0,teabag_1.jpg,joystick_1.jpg,chalk_1.jpg,CAB,chalk_1.jpg,teabag_1.jpg,joystick_1.jpg,1.0,0.01,0.01,0.01,1.0,0.01,true,1,52,6,middle,3,,false,14,false
wk28,1,25,7,3,0.5,paperclip_1.jpg,mold1_1.jpg,drumstick_1.jpg,ACB,paperclip_1.jpg,drumstick_1.jpg,mold1_1.jpg,0.5,0.01,0.01,0.5,0.01,0.01,true,1,51,7,left,3,,false,14,false
wk28,1,26,9,5,1.0,vacuum_1.jpg,washcloth_1.jpg,waffle_iron_1.jpg,CAB,waffle_iron_1.jpg,vacuum_1.jpg,washcloth_1.jpg,1.0,0.01,0.01,0.01,1.0,0.01,true,1,51,9,middle,3,,false,14,false
wk28,1,27,8,4,1.0,staple_1.jpg,wood_1.jpg,battery_1.jpg,BCA,wood_1.jpg,battery_1.jpg,staple_1.jpg,1.0,0.01,0.01,0.01,0.01,1.0,true,1,52,8,right,3,,false,14,false
wk28,1,28,9,2,0.5,vacuum_1.jpg,washcloth_1.jpg,waffle_iron_1.jpg,CAB,waffle_iron_1.jpg,vacuum_1.jpg,washcloth_1.jpg,0.5,0.01,0.01,0.01,0.5,0.01,true,1,52,9,middle,3,,false,14,false
wk28,1,29,6,5,1.0,teabag_1.jpg,joystick_1.jpg,chalk_1.jpg,CAB,chalk_1.jpg,teabag_1.jpg,joystick_1.jpg,1.0,0.01,0.01,0.01,1.0,0.01,true,1,53,6,middle,3,,false,14,false
wk28,1,30,3,11,1.0,orangutan_1.jpg,soda_fountain_1.jpg,monkey_1.jpg,ABC,orangutan_1.jpg,soda_fountain_1.jpg,monkey_1.jpg,1.0,0.01,0.01,1.0,0.01,0.01,true,1,53,3,left,3,,false,14,false
wk28,1,31,7,6,1.0,paperclip_1.jpg,mold1_1.jpg,drumstick_1.jpg,ACB,paperclip_1.jpg,drumstick_1.jpg,mold1_1.jpg,1.0,0.01,0.01,1.0,0.01,0.01,true,1,52,7,left,3,,false,14,false
wk28,1,32,8,5,1.0,staple_1.jpg,wood_1.jpg,battery_1.jpg,BCA,wood_1.jpg,battery_1.jpg,staple_1.jpg,1.0,0.01,0.01,0.01,0.01,1.0,true,1,53,8,right,3,,false,14,false
wk28,1,33,7,2,0.5,paperclip_1.jpg,mold1_1.jpg,drumstick_1.jpg,ACB,paperclip_1.jpg,drumstick_1.jpg,mold1_1.jpg,0.5,0.01,0.01,0.5,0.01,0.01,true,1,53,7,left,3,,false,14,false
wk28,1,34,9,6,1.0,vacuum_1.jpg,washcloth_1.jpg,waffle_iron_1.jpg,CAB,waffle_iron_1.jpg,vacuum_1.jpg,washcloth_1.jpg,1.0,0.01,0.01,0.01,1.0,0.01,true,1,53,9,middle,3,,false,14,false
wk28,1,35,6,6,0.5,teabag_1.jpg,joystick_1.jpg,chalk_1.jpg,CAB,chalk_1.jpg,teabag_1.jpg,joystick_1.jpg,0.5,0.01,0.01,0.01,0.5,0.01,true,1,54,6,middle,3,,false,14,false
wk28,1,36,3,6,1.0,orangutan_1.jpg,soda_fountain_1.jpg,monkey_1.jpg,ABC,orangutan_1.jpg,soda_fountain_1.jpg,monkey_1.jpg,1.0,0.01,0.01,1.0,0.01,0.01,true,1,54,3,left,3,,false,14,false
wk28,1,37,3,1,0.5,orangutan_1.jpg,soda_fountain_1.jpg,monkey_1.jpg,ABC,orangutan_1.jpg,soda_fountain_1.jpg,monkey_1.jpg,0.5,0.01,0.01,0.5,0.01,0.01,true,1,55,3,left,3,,false,14,false
wk28,1,38,8,6,1.0,staple_1.jpg,wood_1.jpg,battery_1.jpg,BCA,wood_1.jpg,battery_1.jpg,staple_1.jpg,1.0,0.01,0.01,0.01,0.01,1.0,true,1,54,8,right,3,,false,14,false
wk28,1,39,3,2,1.0,orangutan_1.jpg,soda_fountain_1.jpg,monkey_1.jpg,ABC,orangutan_1.jpg,soda_fountain_1.jpg,monkey_1.jpg,1.0,0.01,0.01,1.0,0.01,0.01,true,1,56,3,left,3,,false,14,false
wk28,1,40,8,2,1.0,staple_1.jpg,wood_1.jpg,battery_1.jpg,BCA,wood_1.jpg,battery_1.jpg,staple_1.jpg,1.0,0.01,0.01,0.01,0.01,1.0,true,1,55,8,right,3,,false,14,false
wk28,1,41,7,8,1.0,paperclip_1.jpg,mold1_1.jpg,drumstick_1.jpg,ACB,paperclip_1.jpg,drumstick_1.jpg,mold1_1.jpg,1.0,0.01,0.01,1.0,0.01,0.01,true,1,54,7,left,3,,false,14,false
wk28,1,42,3,3,1.0,orangutan_1.jpg,soda_fountain_1.jpg,monkey_1.jpg,ABC,orangutan_1.jpg,soda_fountain_1.jpg,monkey_1.jpg,1.0,0.01,0.01,1.0,0.01,0.01,true,1,57,3,left,3,,false,14,false
wk28,1,43,9,9,1.0,vacuum_1.jpg,washcloth_1.jpg,waffle_iron_1.jpg,CAB,waffle_iron_1.jpg,vacuum_1.jpg,washcloth_1.jpg,1.0,0.01,0.01,0.01,1.0,0.01,true,1,54,9,middle,3,,false,14,false
wk28,1,44,6,9,1.0,teabag_1.jpg,joystick_1.jpg,chalk_1.jpg,CAB,chalk_1.jpg,teabag_1.jpg,joystick_1.jpg,1.0,0.01,0.01,0.01,1.0,0.01,true,1,55,6,middle,3,,false,14,false
wk28,1,45,9,2,1.0,vacuum_1.jpg,washcloth_1.jpg,waffle_iron_1.jpg,CAB,waffle_iron_1.jpg,vacuum_1.jpg,washcloth_1.jpg,1.0,0.01,0.01,0.01,1.0,0.01,true,1,55,9,middle,3,,false,14,false
wk28,1,46,8,6,1.0,staple_1.jpg,wood_1.jpg,battery_1.jpg,BCA,wood_1.jpg,battery_1.jpg,staple_1.jpg,1.0,0.01,0.01,0.01,0.01,1.0,true,1,56,8,right,3,,false,14,false
wk28,1,47,7,6,1.0,paperclip_1.jpg,mold1_1.jpg,drumstick_1.jpg,ACB,paperclip_1.jpg,drumstick_1.jpg,mold1_1.jpg,1.0,0.01,0.01,1.0,0.01,0.01,true,1,55,7,left,3,,false,14,false
wk28,1,48,3,6,1.0,orangutan_1.jpg,soda_fountain_1.jpg,monkey_1.jpg,ABC,orangutan_1.jpg,soda_fountain_1.jpg,monkey_1.jpg,1.0,0.01,0.01,1.0,0.01,0.01,true,1,58,3,left,3,,false,14,false
wk28,1,49,7,2,1.0,paperclip_1.jpg,mold1_1.jpg,drumstick_1.jpg,ACB,paperclip_1.jpg,drumstick_1.jpg,mold1_1.jpg,1.0,0.01,0.01,1.0,0.01,0.01,true,1,56,7,left,3,,false,14,false
wk28,1,50,3,2,1.0,orangutan_1.jpg,soda_fountain_1.jpg,monkey_1.jpg,ABC,orangutan_1.jpg,soda_fountain_1.jpg,monkey_1.jpg,1.0,0.01,0.01,1.0,0.01,0.01,true,1,59,3,left,3,,false,14,false
wk28,1,51,6,7,1.0,teabag_1.jpg,joystick_1.jpg,chalk_1.jpg,CAB,chalk_1.jpg,teabag_1.jpg,joystick_1.jpg,1.0,0.01,0.01,0.01,1.0,0.01,true,1,56,6,middle,3,,false,14,false
wk28,1,52,9,7,1.0,vacuum_1.jpg,washcloth_1.jpg,waffle_iron_1.jpg,CAB,waffle_iron_1.jpg,vacuum_1.jpg,washcloth_1.jpg,1.0,0.01,0.01,0.01,1.0,0.01,true,1,56,9,middle,3,,false,14,false
wk28,1,53,6,2,1.0,teabag_1.jpg,joystick_1.jpg,chalk_1.jpg,CAB,chalk_1.jpg,teabag_1.jpg,joystick_1.jpg,1.0,0.01,0.01,0.01,1.0,0.01,true,1,57,6,middle,3,,false,14,false
wk28,1,54,8,8,0.5,staple_1.jpg,wood_1.jpg,battery_1.jpg,BCA,wood_1.jpg,battery_1.jpg,staple_1.jpg,0.5,0.01,0.01,0.01,0.01,0.5,true,1,57,8,right,3,,false,14,false
wk28,1,55,7,6,1.0,paperclip_1.jpg,mold1_1.jpg,drumstick_1.jpg,ACB,paperclip_1.jpg,drumstick_1.jpg,mold1_1.jpg,1.0,0.01,0.01,1.0,0.01,0.01,true,1,57,7,left,3,,false,14,false
wk28,1,56,7,1,1.0,paperclip_1.jpg,mold1_1.jpg,drumstick_1.jpg,ACB,paperclip_1.jpg,drumstick_1.jpg,mold1_1.jpg,1.0,0.01,0.01,1.0,0.01,0.01,true,1,58,7,left,3,,false,14,false
wk28,1,57,3,7,1.0,orangutan_1.jpg,soda_fountain_1.jpg,monkey_1.jpg,ABC,orangutan_1.jpg,soda_fountain_1.jpg,monkey_1.jpg,1.0,0.01,0.01,1.0,0.01,0.01,true,1,60,3,left,3,,false,14,false
wk28,1,58,10,0,1.0,sponge_1.jpg,hippopotamus_1.jpg,dice_1.jpg,ABC,sponge_1.jpg,hippopotamus_1.jpg,dice_1.jpg,1.0,0.01,0.01,1.0,0.01,0.01,true,1,29,10,left,3,,false,14,false
wk28,1,59,7,3,1.0,paperclip_1.jpg,mold1_1.jpg,drumstick_1.jpg,ACB,paperclip_1.jpg,drumstick_1.jpg,mold1_1.jpg,1.0,0.01,0.01,1.0,0.01,0.01,true,1,59,7,left,3,,false,14,false
wk28,1,60,9,8,0.5,vacuum_1.jpg,washcloth_1.jpg,waffle_iron_1.jpg,CAB,waffle_iron_1.jpg,vacuum_1.jpg,washcloth_1.jpg,0.5,0.01,0.01,0.01,0.5,0.01,true,1,57,9,middle,3,,false,14,false
wk28,1,61,8,7,1.0,staple_1.jpg,wood_1.jpg,battery_1.jpg,BCA,wood_1.jpg,battery_1.jpg,staple_1.jpg,1.0,0.01,0.01,0.01,0.01,1.0,true,1,58,8,right,3,,false,14,false
wk28,1,62,9,2,1.0,vacuum_1.jpg,washcloth_1.jpg,waffle_iron_1.jpg,CAB,waffle_iron_1.jpg,vacuum_1.jpg,washcloth_1.jpg,1.0,0.01,0.01,0.01,1.0,0.01,true,1,58,9,middle,3,,false,14,false
wk28,1,63,10,5,0.5,sponge_1.jpg,hippopotamus_1.jpg,dice_1.jpg,ABC,sponge_1.jpg,hippopotamus_1.jpg,dice_1.jpg,0.5,0.01,0.01,0.5,0.01,0.01,true,1,30,10,left,3,,false,14,false
wk28,1,64,6,11,1.0,teabag_1.jpg,joystick_1.jpg,chalk_1.jpg,CAB,chalk_1.jpg,teabag_1.jpg,joystick_1.jpg,1.0,0.01,0.01,0.01,1.0,0.01,true,1,58,6,middle,3,,false,14,false
wk28,1,65,7,6,1.0,paperclip_1.jpg,mold1_1.jpg,drumstick_1.jpg,ACB,paperclip_1.jpg,drumstick_1.jpg,mold1_1.jpg,1.0,0.01,0.01,1.0,0.01,0.01,true,1,60,7,left,3,,false,14,false
wk28,1,66,11,0,1.0,forklift_1.jpg,footbath_1.jpg,spoon_1.jpg,BCA,footbath_1.jpg,spoon_1.jpg,forklift_1.jpg,1.0,0.01,0.01,0.01,0.01,1.0,true,1,49,11,right,3,,false,14,false
wk28,1,67,11,1,1.0,forklift_1.jpg,footbath_1.jpg,spoon_1.jpg,BCA,footbath_1.jpg,spoon_1.jpg,forklift_1.jpg,1.0,0.01,0.01,0.01,0.01,1.0,true,1,50,11,right,3,,false,14,false
wk28,1,68,6,4,1.0,teabag_1.jpg,joystick_1.jpg,chalk_1.jpg,CAB,chalk_1.jpg,teabag_1.jpg,joystick_1.jpg,1.0,0.01,0.01,0.01,1.0,0.01,true,1,59,6,middle,3,,false,14,false
wk28,1,69,8,8,0.5,staple_1.jpg,wood_1.jpg,battery_1.jpg,BCA,wood_1.jpg,battery_1.jpg,staple_1.jpg,0.5,0.01,0.01,0.01,0.01,0.5,true,1,59,8,right,3,,false,14,false
wk28,1,70,10,7,1.0,sponge_1.jpg,hippopotamus_1.jpg,dice_1.jpg,ABC,sponge_1.jpg,hippopotamus_1.jpg,dice_1.jpg,1.0,0.01,0.01,1.0,0.01,0.01,true,1,31,10,left,3,,false,14,false
wk28,1,71,9,9,1.0,vacuum_1.jpg,washcloth_1.jpg,waffle_iron_1.jpg,CAB,waffle_iron_1.jpg,vacuum_1.jpg,washcloth_1.jpg,1.0,0.01,0.01,0.01,1.0,0.01,true,1,59,9,middle,3,,false,14,false
wk28,1,72,6,4,1.0,teabag_1.jpg,joystick_1.jpg,chalk_1.jpg,CAB,chalk_1.jpg,teabag_1.jpg,joystick_1.jpg,1.0,0.01,0.01,0.01,1.0,0.01,true,1,60,6,middle,3,,false,14,false
wk28,1,73,12,0,1.0,pocket_1.jpg,waffle_1.jpg,rack1_1.jpg,BCA,waffle_1.jpg,rack1_1.jpg,pocket_1.jpg,1.0,0.01,0.01,0.01,0.01,1.0,true,1,9,12,right,3,,false,14,false
wk28,1,74,12,1,1.0,pocket_1.jpg,waffle_1.jpg,rack1_1.jpg,BCA,waffle_1.jpg,rack1_1.jpg,pocket_1.jpg,1.0,0.01,0.01,0.01,0.01,1.0,true,1,10,12,right,3,,false,14,false
wk28,1,75,10,5,1.0,sponge_1.jpg,hippopotamus_1.jpg,dice_1.jpg,ABC,sponge_1.jpg,hippopotamus_1.jpg,dice_1.jpg,1.0,0.01,0.01,1.0,0.01,0.01,true,1,32,10,left,3,,false,14,false
wk28,1,76,11,9,1.0,forklift_1.jpg,footbath_1.jpg,spoon_1.jpg,BCA,footbath_1.jpg,spoon_1.jpg,forklift_1.jpg,1.0,0.01,0.01,0.01,0.01,1.0,true,1,51,11,right,3,,false,14,false
wk28,1,77,8,8,1.0,staple_1.jpg,wood_1.jpg,battery_1.jpg,BCA,wood_1.jpg,battery_1.jpg,staple_1.jpg,1.0,0.01,0.01,0.01,0.01,1.0,true,1,60,8,right,3,,false,14,false
wk28,1,78,13,0,1.0,pliers_1.jpg,test_tube_1.jpg,egg_roll_1.jpg,CBA,egg_roll_1.jpg,test_tube_1.jpg,pliers_1.jpg,1.0,0.01,0.01,0.01,0.01,1.0,true,1,33,13,right,3,,false,14,false
wk28,1,79,9,8,1.0,vacuum_1.jpg,washcloth_1.jpg,waffle_iron_1.jpg,CAB,waffle_iron_1.jpg,vacuum_1.jpg,washcloth_1.jpg,1.0,0.01,0.01,0.01,1.0,0.01,true,1,60,9,middle,3,,false,14,false
wk28,1,80,14,0,1.0,seal_1.jpg,mouse2_1.jpg,station_wagon_1.jpg,CAB,station_wagon_1.jpg,seal_1.jpg,mouse2_1.jpg,1.0,0.01,0.01,0.01,1.0,0.01,true,1,41,14,middle,3,,false,14,false
wk28,1,81,14,1,1.0,seal_1.jpg,mouse2_1.jpg,station_wagon_1.jpg,CAB,station_wagon_1.jpg,seal_1.jpg,mouse2_1.jpg,1.0,0.01,0.01,0.01,1.0,0.01,true,1,42,14,middle,3,,false,14,false
wk28,1,82,13,4,0.5,pliers_1.jpg,test_tube_1.jpg,egg_roll_1.jpg,CBA,egg_roll_1.jpg,test_tube_1.jpg,pliers_1.jpg,0.5,0.01,0.01,0.01,0.01,0.5,true,1,34,13,right,3,,false,14,false
wk28,1,83,13,1,1.0,pliers_1.jpg,test_tube_1.jpg,egg_roll_1.jpg,CBA,egg_roll_1.jpg,test_tube_1.jpg,pliers_1.jpg,1.0,0.01,0.01,0.01,0.01,1.0,true,1,35,13,right,3,,false,14,false
wk28,1,84,14,3,0.5,seal_1.jpg,mouse2_1.jpg,station_wagon_1.jpg,CAB,station_wagon_1.jpg,seal_1.jpg,mouse2_1.jpg,0.5,0.01,0.01,0.01,0.5,0.01,true,1,43,14,middle,3,,false,14,false
wk28,1,85,11,9,1.0,forklift_1.jpg,footbath_1.jpg,spoon_1.jpg,BCA,footbath_1.jpg,spoon_1.jpg,forklift_1.jpg,1.0,0.01,0.01,0.01,0.01,1.0,true,1,52,11,right,3,,false,14,false
wk28,1,86,10,11,1.0,sponge_1.jpg,hippopotamus_1.jpg,dice_1.jpg,ABC,sponge_1.jpg,hippopotamus_1.jpg,dice_1.jpg,1.0,0.01,0.01,1.0,0.01,0.01,true,1,33,10,left,3,,false,14,false
wk28,1,87,13,4,1.0,pliers_1.jpg,test_tube_1.jpg,egg_roll_1.jpg,CBA,egg_roll_1.jpg,test_tube_1.jpg,pliers_1.jpg,1.0,0.01,0.01,0.01,0.01,1.0,true,1,36,13,right,3,,false,14,false
wk28,1,88,14,4,1.0,seal_1.jpg,mouse2_1.jpg,station_wagon_1.jpg,CAB,station_wagon_1.jpg,seal_1.jpg,mouse2_1.jpg,1.0,0.01,0.01,0.01,1.0,0.01,true,1,44,14,middle,3,,false,14,false
wk28,1,89,14,1,1.0,seal_1.jpg,mouse2_1.jpg,station_wagon_1.jpg,CAB,station_wagon_1.jpg,seal_1.jpg,mouse2_1.jpg,1.0,0.01,0.01,0.01,1.0,0.01,true,1,45,14,middle,3,,false,14,false
wk28,1,90,11,5,1.0,forklift_1.jpg,footbath_1.jpg,spoon_1.jpg,BCA,footbath_1.jpg,spoon_1.jpg,forklift_1.jpg,1.0,0.01,0.01,0.01,0.01,1.0,true,1,53,11,right,3,,false,14,false
wk28,1,91,10,5,1.0,sponge_1.jpg,hippopotamus_1.jpg,dice_1.jpg,ABC,sponge_1.jpg,hippopotamus_1.jpg,dice_1.jpg,1.0,0.01,0.01,1.0,0.01,0.01,true,1,34,10,left,3,,false,14,false
wk28,1,92,13,5,0.5,pliers_1.jpg,test_tube_1.jpg,egg_roll_1.jpg,CBA,egg_roll_1.jpg,test_tube_1.jpg,pliers_1.jpg,0.5,0.01,0.01,0.01,0.01,0.5,true,1,37,13,right,3,,false,14,false
wk28,1,93,14,4,1.0,seal_1.jpg,mouse2_1.jpg,station_wagon_1.jpg,CAB,station_wagon_1.jpg,seal_1.jpg,mouse2_1.jpg,1.0,0.01,0.01,0.01,1.0,0.01,true,1,46,14,middle,3,,false,14,false
wk28,1,94,11,4,0.5,forklift_1.jpg,footbath_1.jpg,spoon_1.jpg,BCA,footbath_1.jpg,spoon_1.jpg,forklift_1.jpg,0.5,0.01,0.01,0.01,0.01,0.5,true,1,54,11,right,3,,false,14,false
wk28,1,95,14,2,0.5,seal_1.jpg,mouse2_1.jpg,station_wagon_1.jpg,CAB,station_wagon_1.jpg,seal_1.jpg,mouse2_1.jpg,0.5,0.01,0.01,0.01,0.5,0.01,true,1,47,14,middle,3,,false,14,false
wk28,1,96,13,4,1.0,pliers_1.jpg,test_tube_1.jpg,egg_roll_1.jpg,CBA,egg_roll_1.jpg,test_tube_1.jpg,pliers_1.jpg,1.0,0.01,0.01,0.01,0.01,1.0,true,1,38,13,right,3,,false,14,false
wk28,1,97,11,3,1.0,forklift_1.jpg,footbath_1.jpg,spoon_1.jpg,BCA,footbath_1.jpg,spoon_1.jpg,forklift_1.jpg,1.0,0.01,0.01,0.01,0.01,1.0,true,1,55,11,right,3,,false,14,false
wk28,1,98,11,1,1.0,forklift_1.jpg,footbath_1.jpg,spoon_1.jpg,BCA,footbath_1.jpg,spoon_1.jpg,forklift_1.jpg,1.0,0.01,0.01,0.01,0.01,1.0,true,1,56,11,right,3,,false,14,false
wk28,1,99,10,8,1.0,sponge_1.jpg,hippopotamus_1.jpg,dice_1.jpg,ABC,sponge_1.jpg,hippopotamus_1.jpg,dice_1.jpg,1.0,0.01,0.01,1.0,0.01,0.01,true,1,35,10,left,3,,false,14,false
wk28,1,100,14,5,1.0,seal_1.jpg,mouse2_1.jpg,station_wagon_1.jpg,CAB,station_wagon_1.jpg,seal_1.jpg,mouse2_1.jpg,1.0,0.01,0.01,0.01,1.0,0.01,true,1,48,14,middle,3,,false,14,false
wk28,1,101,11,3,1.0,forklift_1.jpg,footbath_1.jpg,spoon_1.jpg,BCA,footbath_1.jpg,spoon_1.jpg,forklift_1.jpg,1.0,0.01,0.01,0.01,0.01,1.0,true,1,57,11,right,3,,false,14,false
wk28,1,102,14,2,1.0,seal_1.jpg,mouse2_1.jpg,station_wagon_1.jpg,CAB,station_wagon_1.jpg,seal_1.jpg,mouse2_1.jpg,1.0,0.01,0.01,0.01,1.0,0.01,true,1,49,14,middle,3,,false,14,false
wk28,1,103,11,2,1.0,forklift_1.jpg,footbath_1.jpg,spoon_1.jpg,BCA,footbath_1.jpg,spoon_1.jpg,forklift_1.jpg,1.0,0.01,0.01,0.01,0.01,1.0,true,1,58,11,right,3,,false,14,false
wk28,1,104,13,8,1.0,pliers_1.jpg,test_tube_1.jpg,egg_roll_1.jpg,CBA,egg_roll_1.jpg,test_tube_1.jpg,pliers_1.jpg,1.0,0.01,0.01,0.01,0.01,1.0,true,1,39,13,right,3,,false,14,false
wk28,1,105,11,2,1.0,forklift_1.jpg,footbath_1.jpg,spoon_1.jpg,BCA,footbath_1.jpg,spoon_1.jpg,forklift_1.jpg,1.0,0.01,0.01,0.01,0.01,1.0,true,1,59,11,right,3,,false,14,false
wk28,1,106,14,4,1.0,seal_1.jpg,mouse2_1.jpg,station_wagon_1.jpg,CAB,station_wagon_1.jpg,seal_1.jpg,mouse2_1.jpg,1.0,0.01,0.01,0.01,1.0,0.01,true,1,50,14,middle,3,,false,14,false
wk28,1,107,13,3,1.0,pliers_1.jpg,test_tube_1.jpg,egg_roll_1.jpg,CBA,egg_roll_1.jpg,test_tube_1.jpg,pliers_1.jpg,1.0,0.01,0.01,0.01,0.01,1.0,true,1,40,13,right,3,,false,14,false
wk28,1,108,11,3,0.5,forklift_1.jpg,footbath_1.jpg,spoon_1.jpg,BCA,footbath_1.jpg,spoon_1.jpg,forklift_1.jpg,0.5,0.01,0.01,0.01,0.01,0.5,true,1,60,11,right,3,,false,14,false
